Aktivitetstyp,Datum,Favorit,Namn,Distans,Kalorier,Tid,Medelpuls,Maxpuls,Aerobisk Training Effect,Medellöpkadens,Maximal löpkadens,Medeltempo,Bästa tempo,Total stigning,Totalt nedför,Medelsteglängd,Medelvärde för vertikal kvot,Medelvärde för vertikal rörelse,Medeltid för markkontakt,Medelkontakttidsbalans,Training Stress Score®,Steg,Dekompression,Bästa varvtid,Antal varv,Färdtid,Total tid,Min. höjd,Max. höjd
Löpning,2026-02-27 15:05:08,false,"Göteborg Löpning","5.00","490","00:34:38","168","187","3.2","169","180","6:56","5:40","58","80","0.85","8.2","7.1","287","47.3% vänster/52.7% höger","0.0","5,750","Nej","00:00:01.2","6","00:34:38","00:34:38","44","91"
Löpning,2026-02-20 14:07:28,false,"Göteborg Löpning","9.64","977","01:08:10","171","190","3.8","168","216","7:04","4:47","181","176","0.83","7.6","6.4","291","48.5% vänster/51.5% höger","0.0","11,228","Nej","00:03:32.5","10","01:07:37","01:09:17","17","119"
Löpning,2026-02-18 17:14:59,false,"Mölndal Löpning","10.01","963","01:08:28","167","184","3.6","173","181","6:51","5:23","82","71","0.84","7.3","6.3","279","47.8% vänster/52.2% höger","0.0","11,730","Nej","00:00:03.8","11","01:08:25","01:08:28","7","63"
Löpning,2026-02-16 18:06:14,false,"Göteborg Löpning","5.01","476","00:34:35","161","178","3.0","174","185","6:54","4:53","59","72","0.82","7.2","6.1","280","47.2% vänster/52.8% höger","0.0","5,912","Nej","00:00:03.5","6","00:34:10","00:34:35","44","90"
Löpning,2026-02-13 11:07:46,false,"Göteborg Löpning","10.16","1,060","01:12:02","174","196","4.1","168","240","7:05","5:31","179","194","0.83","7.7","6.5","290","48.1% vänster/51.9% höger","0.0","11,926","Nej","00:01:04.7","11","01:11:06","01:12:49","42","97"
Löpning,2026-02-11 10:38:32,false,"Göteborg Löpning","8.00","796","00:53:32","180","194","3.8","175","209","6:41","5:44","90","95","0.85","7.3","6.4","275","47.5% vänster/52.5% höger","0.0","9,248","Nej","00:00:00.7","9","00:53:13","00:53:32","20","68"
Löpning,2026-02-09 17:51:40,false,"Göteborg Löpning","3.01","287","00:18:41","166","183","3.0","177","184","6:13","5:52","27","28","0.90","7.8","7.2","268","48.3% vänster/51.7% höger","0.0","3,268","Nej","00:00:02.5","4","00:18:41","00:18:41","50","66"
Löpning,2026-02-06 14:49:06,false,"Göteborg Löpning","0.40","39","00:02:44.1","175","184","0.8","179","196","6:49","4:18","11","20","0.79","7.4","6.0","284","48.0% vänster/52.0% höger","0.0","478","Nej","00:02:44.1","1","00:02:44","00:02:44.1","50","72"
Löpning,2026-02-06 13:20:24,false,"Göteborg Löpning","9.60","1,029","01:11:40","172","194","4.1","170","244","7:28","4:59","177","180","0.79","7.7","6.1","299","48.4% vänster/51.6% höger","0.0","12,018","Nej","00:04:23.0","10","01:11:13","01:11:40","5","79"
Löpning,2026-02-03 18:11:27,false,"Göteborg Löpning","4.50","435","00:31:36","160","180","3.2","171","181","7:01","5:51","60","63","0.83","8.0","6.7","280","47.6% vänster/52.4% höger","0.0","5,332","Nej","00:03:32.9","5","00:31:34","00:31:36","21","72"
Löpning,2026-02-02 19:52:51,false,"Göteborg Löpning","4.06","391","00:27:50","157","173","3.1","174","188","6:51","5:49","61","61","0.85","7.7","6.6","275","47.8% vänster/52.2% höger","0.0","4,786","Nej","00:00:27.7","5","00:27:49","00:27:50","47","91"
Löpning,2026-01-30 14:41:59,false,"Göteborg Löpning","8.53","865","00:56:59","175","197","4.8","167","197","6:41","3:57","141","163","0.88","7.9","7.0","288","47.8% vänster/52.2% höger","0.0","9,384","Nej","00:03:59.4","9","00:56:31","00:56:59","18","79"
Löpning,2026-01-28 14:46:34,false,"Göteborg Löpning","5.27","509","00:33:29","171","188","4.0","167","181","6:22","5:05","37","60","0.88","8.1","7.2","288","47.7% vänster/52.3% höger","0.0","5,500","Nej","00:01:39.4","6","00:33:11","00:33:29","50","100"
Löpning,2026-01-26 10:32:08,false,"Göteborg Löpning","5.01","511","00:33:23","180","200","3.8","170","194","6:39","5:44","55","63","0.88","7.4","6.7","280","48.5% vänster/51.5% höger","0.0","5,570","Nej","00:00:05.9","6","00:33:04","00:33:23","21","65"
Löpning,2026-01-22 11:01:44,false,"Göteborg Löpning","5.01","471","00:35:30","155","177","3.1","170","186","7:05","1:34","89","76","0.82","7.1","5.9","288","48.3% vänster/51.8% höger","0.0","5,988","Nej","00:00:01.5","6","00:35:28","00:35:30","50","92"
Löpband,2026-01-19 20:04:05,false,"Löpband","3.00","332","00:21:59","165","171","3.2","170","176","7:20","6:40","--","--","0.82","7.2","6.0","268","49.0% vänster/51.0% höger","0.0","3,700","Nej","00:21:59","1","00:21:59","00:21:59","--","--"
Löpning,2026-01-15 17:44:49,false,"Göteborg Löpning","7.54","753","00:54:33","168","187","3.5","171","180","7:14","5:18","104","118","0.81","7.0","5.8","297","48.2% vänster/51.8% höger","0.0","9,184","Nej","00:03:51.7","8","00:54:32","00:55:29","43","100"
Löpning,2026-01-11 17:09:36,false,"Göteborg Löpning","4.01","403","00:26:49","170","183","3.2","178","187","6:42","5:35","49","66","0.84","6.8","5.8","279","47.6% vänster/52.4% höger","0.0","4,712","Nej","00:00:02.0","5","00:26:47","00:26:49","43","88"
Löpning,2026-01-08 15:57:33,false,"Göteborg Löpning","5.00","508","00:37:12","171","187","3.0","173","180","7:27","6:19","73","76","0.77","7.4","5.8","299","47.8% vänster/52.2% höger","0.0","6,368","Nej","00:06:47.5","5","00:37:11","00:37:12","50","79"
Löpning,2026-01-05 14:55:02,false,"Mölndal Löpning","3.00","291","00:20:13","166","182","2.8","174","190","6:44","4:17","25","21","0.86","7.4","6.5","273","48.1% vänster/51.9% höger","0.0","3,470","Nej","00:00:00.8","4","00:20:13","00:20:13","51","62"
Löpning,2025-12-31 12:01:11,false,"Sylvesterloppet 54:28","10.20","951","00:54:36","194","201","5.0","178","189","5:21","4:47","59","59","1.04","6.6","7.1","248","49.4% vänster/50.6% höger","0.0","9,592","Nej","00:00:59.8","11","00:54:34","00:54:36","4","25"
Löpning,2025-12-29 18:16:49,false,"Göteborg Löpning","2.78","260","00:19:31","154","165","2.4","171","188","7:01","5:02","21","31","0.83","7.5","6.4","277","48.5% vänster/51.5% höger","0.0","3,296","Nej","00:05:28.3","3","00:19:30","00:19:31","47","65"
Löpning,2025-12-27 19:42:22,false,"Göteborg - halv norska 4/3 * 2","5.00","440","00:34:16","154","182","3.1","169","192","6:51","4:49","43","52","0.86","7.6","6.5","285","48.2% vänster/51.8% höger","0.0","5,728","Nej","00:02:14.5","8","00:34:15","00:35:35","47","73"
Löpband,2025-12-23 17:34:37,false,"halv norska 4/3 * 2","5.00","518","00:34:46","167","199","3.8","172","189","6:57","4:38","--","--","0.98","6.5","6.6","265","48.8% vänster/51.2% höger","0.0","5,898","Nej","00:03:00","6","00:34:46","00:34:46","--","--"
Löpning,2025-12-21 17:24:01,false,"Göteborg Löpning","5.00","453","00:34:12","156","172","3.0","169","190","6:50","6:02","32","39","0.85","7.3","6.4","272","48.1% vänster/51.9% höger","0.0","5,726","Nej","00:00:00.8","6","00:34:10","00:34:12","47","65"
Löpning,2025-12-19 13:27:05,false,"Göteborg - norska 4/3 * 4","7.26","687","00:45:59","174","201","4.8","171","187","6:20","4:33","112","114","0.91","7.0","6.5","286","48.0% vänster/52.0% höger","0.0","7,746","Nej","00:03:00","11","00:45:53","00:47:01","47","65"
Löpning,2025-12-16 21:21:13,false,"Göteborg - halv norska 4/3 * 2","4.93","453","00:33:58","162","193","3.6","171","190","6:53","4:38","41","46","0.84","6.8","5.8","302","47.7% vänster/52.3% höger","0.0","5,734","Nej","00:03:00","7","00:33:50","00:34:45","47","65"
Löpning,2025-12-14 17:54:24,false,"Göteborg Löpning","6.50","665","00:48:03","169","196","3.6","171","191","7:23","5:58","148","108","0.78","7.6","6.1","296","48.0% vänster/52.0% höger","0.0","8,098","Nej","00:04:19.4","7","00:47:48","00:48:15","46","101"
Löpning,2025-12-10 20:35:13,false,"Göteborg - norska 4/3 * 4","7.40","671","00:47:29","170","199","4.1","172","206","6:25","4:18","49","58","0.90","7.4","6.8","277","48.3% vänster/51.7% höger","0.0","8,032","Nej","00:03:00","11","00:47:11","00:49:01","47","64"
Löpning,2025-12-07 22:09:45,false,"Göteborg - halv norska 4/3 * 2","4.50","412","00:29:39","166","195","3.4","171","186","6:35","4:38","13","24","0.88","7.6","6.8","282","48.0% vänster/52.0% höger","0.0","5,012","Nej","00:02:55.8","7","00:29:31","00:30:22","47","64"
Löpning,2025-12-03 14:34:35,false,"Göteborg Löpning","7.55","780","00:54:13","176","200","3.9","171","196","7:11","6:00","155","156","0.80","7.5","6.2","288","48.6% vänster/51.4% höger","0.0","9,146","Nej","00:04:44.5","8","00:54:12","00:54:13","60","101"
Löpning,2025-11-25 09:46:12,false,"Göteborg Löpning","10.01","1,001","01:11:51","170","195","3.8","170","193","7:11","4:54","175","171","0.81","7.7","6.3","292","48.1% vänster/51.9% höger","0.0","12,040","Nej","00:00:03.6","11","01:11:49","01:11:51","61","101"
Löpning,2025-11-20 16:57:59,false,"Göteborg Löpning","7.50","778","00:57:32","169","189","3.4","169","213","7:40","3:54","146","148","0.76","8.0","6.2","300","48.4% vänster/51.6% höger","0.0","9,534","Nej","00:04:21.3","8","00:57:31","00:57:32","61","101"
Löpning,2025-11-18 19:54:38,false,"Göteborg - norska 4/3 * 4","7.31","698","00:47:40","172","200","4.0","171","192","6:32","3:48","78","80","0.89","7.1","6.5","284","49.1% vänster/50.9% höger","0.0","8,026","Nej","00:00:29.5","12","00:47:34","00:48:12","50","99"
Löpning,2025-11-14 10:23:07,false,"Mölndal - norska 4/3 * 4","7.40","702","00:48:59","173","199","4.2","171","188","6:37","4:35","33","53","0.88","6.9","6.2","281","49.7% vänster/50.3% höger","0.0","8,264","Nej","00:03:00","11","00:48:54","00:49:39","-5","58"
Löpning,2025-11-12 14:46:34,false,"Göteborg Löpning","5.01","493","00:36:59","159","177","3.2","167","186","7:23","1:51","76","78","0.80","7.9","6.5","288","48.4% vänster/51.6% höger","0.0","6,130","Nej","00:00:02.8","6","00:36:59","00:36:59","50","99"
Löpning,2025-11-10 17:28:20,false,"Göteborg Löpning","7.55","759","00:54:44","169","192","3.7","170","202","7:15","6:01","141","141","0.80","8.0","6.6","279","48.3% vänster/51.7% höger","0.0","9,184","Nej","00:04:35.0","8","00:54:39","00:54:44","61","101"
Löpning,2025-11-08 19:36:39,false,"Göteborg - norska 4/3 * 3","6.30","592","00:42:14","168","195","4.1","170","189","6:42","4:35","60","69","0.87","7.3","6.5","292","48.6% vänster/51.4% höger","0.0","7,094","Nej","00:00:01.6","12","00:42:10","00:43:01","50","98"
Löpning,2025-11-05 15:20:27,false,"Göteborg Löpning","5.01","490","00:39:08","160","190","3.2","165","203","7:49","5:32","135","138","0.74","8.1","6.1","305","48.5% vänster/51.5% höger","0.0","6,372","Nej","00:00:03.2","6","00:39:07","00:39:08","61","141"
Löpning,2025-11-03 09:42:38,false,"Göteborg Löpning","5.00","522","00:36:51","177","202","3.8","167","187","7:22","5:16","105","103","0.80","8.0","6.5","292","48.6% vänster/51.4% höger","0.0","6,052","Nej","00:00:01.0","6","00:36:37","00:36:51","60","140"
Löpning,2025-11-01 19:06:37,false,"Göteborg Löpning","3.65","355","00:28:06","158","181","3.0","165","177","7:42","5:11","57","36","0.78","7.7","6.1","310","48.7% vänster/51.3% höger","0.0","4,580","Nej","00:04:36.4","4","00:27:54","00:30:06","44","99"
Löpning,2025-10-29 13:21:20,false,"Göteborg - halv norska 4/3 * 2","6.70","649","00:45:19","172","200","4.2","167","183","6:46","5:06","32","95","0.88","8.1","7.2","282","48.5% vänster/51.5% höger","0.0","7,436","Nej","00:00:20.4","10","00:45:00","00:46:12","10","99"
Löpning,2025-10-27 17:31:59,false,"Göteborg Löpning","6.31","658","00:48:52","172","195","3.7","165","191","7:45","4:59","157","160","0.77","8.6","6.7","295","48.7% vänster/51.3% höger","0.0","7,968","Nej","00:02:39.7","7","00:48:39","00:48:52","60","135"
Löpning,2025-10-25 10:30:38,false,"Mölndal Löpning","5.00","498","00:35:19","174","190","3.6","167","190","7:04","5:55","68","62","0.84","8.4","7.2","277","49.3% vänster/50.7% höger","0.0","5,808","Nej","00:06:36.9","5","00:35:18","00:35:19","46","88"
Löpning,2025-10-22 18:37:38,false,"Göteborg Löpning","3.26","330","00:22:08","175","190","3.4","167","179","6:47","2:40","59","43","0.85","8.2","7.1","281","48.7% vänster/51.3% höger","0.0","3,658","Nej","00:01:58.4","4","00:22:07","00:22:08","50","91"
Löpning,2025-10-16 21:00:41,false,"Mölndal Löpning","4.00","393","00:31:43","161","183","3.0","163","183","7:56","6:19","63","63","0.75","9.1","6.9","287","49.1% vänster/50.9% höger","0.0","5,118","Nej","00:07:37.9","4","00:31:41","00:31:43","46","90"
Löpning,2025-09-29 20:24:40,false,"Mölndal Löpning","4.00","383","00:26:40","166","189","3.4","169","185","6:40","5:12","53","55","0.88","8.3","7.4","270","48.4% vänster/51.6% höger","0.0","4,450","Nej","00:00:01.2","5","00:26:40","00:26:40","24","64"
Löpning,2025-09-13 12:36:08,false,"Kretsloppet 54:41","10.11","951","00:54:41","194","210","5.0","175","181","5:25","4:38","41","29","1.05","7.8","8.3","250","48.8% vänster/51.2% höger","0.0","9,458","Nej","00:00:31.6","11","00:54:38","00:54:41","128","145"
Löpning,2025-09-13 12:20:57,false,"Borås Löpning","1.00","90","00:06:19.9","162","173","1.9","169","190","6:19","5:45","2","--","0.93","8.3","7.9","274","47.2% vänster/52.8% höger","0.0","1,062","Nej","00:00:00.6","2","00:06:17.6","00:06:19.9","134","137"
Löpning,2025-09-09 18:03:54,false,"Göteborg - halv norska 4/3 * 2","5.00","466","00:34:21","160","190","3.1","168","190","6:52","4:33","69","68","0.87","8.2","7.2","277","47.9% vänster/52.1% höger","0.0","5,680","Nej","00:00:01.1","8","00:34:15","00:35:21","50","99"
Löpning,2025-09-06 22:06:24,false,"Göteborg Löpning","5.32","484","00:27:43","193","203","4.4","177","185","5:12","4:38","60","56","1.08","7.3","8.1","243","49.0% vänster/51.0% höger","0.0","4,830","Nej","00:01:42.7","6","00:27:42","00:27:43","5","37"
Löpning,2025-09-06 21:34:35,false,"Göteborg Löpning","1.00","89","00:06:33.4","148","162","1.9","170","188","6:33","6:00","1","--","0.89","8.2","7.4","270","47.3% vänster/52.7% höger","0.0","1,100","Nej","00:00:00.6","2","00:06:19.6","00:07:37.2","11","13"
Löpning,2025-08-30 12:00:30,false,"Mölndal Löpning","10.10","976","00:57:31","194","209","5.0","174","181","5:42","4:48","81","77","1.00","7.5","7.8","250","49.2% vänster/50.8% höger","0.0","9,868","Nej","00:00:31.2","11","00:57:28","00:57:31","4","46"
Löpning,2025-08-27 19:44:33,false,"Mölndal - norska 4/3 * 4","9.00","819","01:03:26","161","197","3.7","167","191","7:03","4:31","57","56","0.84","7.7","6.6","292","48.3% vänster/51.7% höger","0.0","10,496","Nej","00:00:01.4","15","01:03:17","01:04:23","7","57"
Löpning,2025-08-20 10:44:21,false,"Göteborg Löpning","10.00","959","01:08:14","170","191","3.9","169","199","6:49","4:57","143","133","0.86","7.3","6.5","295","48.6% vänster/51.4% höger","0.0","11,412","Nej","00:05:53.5","10","01:07:49","01:08:33","20","101"
Löpning,2025-08-19 09:43:51,false,"Göteborg Löpning","3.07","289","00:24:41","152","165","2.1","163","174","8:03","6:13","39","33","0.76","7.4","5.8","323","48.4% vänster/51.6% höger","0.0","3,978","Nej","00:00:35.3","4","00:24:39","00:24:41","73","99"
Löpning,2025-08-17 16:19:16,false,"Göteborg Löpning","17.00","1,554","02:06:16","159","187","3.8","167","195","7:26","5:24","154","162","0.81","7.9","6.6","283","48.5% vänster/51.5% höger","0.0","20,844","Nej","00:00:00.4","18","02:06:11","02:07:22","8","97"
Löpning,2025-08-13 12:52:26,false,"Göteborg - norska 4/3 * 4","9.00","873","01:00:35","170","203","4.0","167","196","6:44","4:33","90","110","0.88","7.4","6.7","288","48.4% vänster/51.6% höger","0.0","9,974","Nej","00:00:30.5","14","01:00:17","01:01:47","43","100"
Löpning,2025-08-11 16:12:36,false,"Göteborg Löpning","8.70","813","01:04:00","153","179","3.1","167","183","7:21","5:51","113","61","0.81","7.5","6.2","294","48.7% vänster/51.3% höger","0.0","10,562","Nej","00:05:55.7","9","01:03:53","01:04:17","4","99"
Löpning,2025-08-07 20:15:46,false,"Göteborg Löpning","5.00","460","00:36:56","154","183","2.5","165","182","7:23","5:35","50","106","0.81","6.4","5.4","323","48.2% vänster/51.8% höger","0.0","6,052","Nej","00:00:01.2","6","00:36:54","00:36:56","3","99"
Löpning,2025-08-05 16:12:46,false,"Göteborg - norska 4/3 * 4","8.00","768","00:54:27","174","201","3.9","168","189","6:48","4:34","96","32","0.86","7.0","6.2","306","49.1% vänster/50.9% höger","0.0","9,028","Nej","00:03:00","12","00:54:19","00:54:40","20","89"
Löpning,2025-08-05 15:51:04,false,"Göteborg Löpning","3.00","268","00:20:48","149","161","2.2","170","190","6:56","5:33","5","78","0.85","7.6","6.6","276","48.4% vänster/51.6% höger","0.0","3,514","Nej","00:00:00.9","4","00:20:48","00:20:48","22","99"
Löpning,2025-08-04 15:24:33,false,"Göteborg Löpning","3.00","282","00:23:42","150","165","2.1","168","189","7:53","5:28","42","43","0.75","6.9","5.3","321","48.0% vänster/52.0% höger","0.0","3,942","Nej","00:00:01.3","4","00:23:34","00:26:42","73","99"
Löpning,2025-08-03 15:20:07,false,"Göteborg Löpning","16.01","1,423","01:58:07","154","176","3.5","167","177","7:23","6:13","162","187","0.81","7.6","6.2","284","48.1% vänster/51.9% höger","0.0","19,556","Nej","00:00:01.1","17","01:57:41","01:58:07","3","99"
Löpning,2025-08-01 13:43:46,false,"Göteborg Löpning","3.00","298","00:24:29","152","165","2.2","161","174","8:09","6:20","55","32","0.76","6.7","5.2","344","48.7% vänster/51.3% höger","0.0","3,908","Nej","00:00:01.3","4","00:24:28","00:24:29","45","99"
Löpning,2025-07-31 15:45:31,false,"Göteborg - norska 4/3 * 4","10.00","938","01:08:32","168","202","3.8","166","183","6:51","4:34","115","125","0.87","7.0","6.2","296","49.2% vänster/50.8% höger","0.0","11,250","Nej","00:02:22.8","14","01:08:29","01:14:00","19","99"
Löpning,2025-07-29 12:21:14,false,"Göteborg Löpning","4.00","357","00:31:46","157","168","2.1","165","177","7:56","6:46","4","95","0.77","5.6","4.4","348","48.8% vänster/51.3% höger","0.0","5,198","Nej","00:00:00.9","5","00:31:46","00:31:46","6","99"
Löpning,2025-07-27 18:26:46,false,"Göteborg Löpning","2.11","200","00:16:07","151","163","2.1","166","182","7:39","6:17","20","48","0.79","7.1","5.7","317","48.4% vänster/51.6% höger","0.0","2,652","Nej","00:00:57.6","3","00:16:06","00:16:07","50","98"
Löpning,2025-07-26 12:01:04,false,"Falkenberg Stadslopp 57:55","10.03","976","00:58:07","191","206","5.0","174","186","5:48","5:05","49","52","0.98","7.7","7.7","248","49.1% vänster/50.9% höger","0.0","9,980","Nej","00:00:07.3","11","00:58:03","00:58:07","-1","21"
Löpning,2025-07-25 16:32:01,false,"Falkenberg Löpning","2.00","186","00:14:12","154","162","2.1","169","176","7:05","5:47","6","11","0.84","7.5","6.4","276","48.7% vänster/51.3% höger","0.0","2,372","Nej","00:00:01.3","3","00:14:02","00:14:12","4","15"
Löpning,2025-07-22 18:01:57,false,"Linköping - 3*(1km 1m)","7.01","658","00:48:29","164","184","3.4","166","175","6:55","5:23","27","27","0.87","7.5","6.7","289","48.3% vänster/51.7% höger","0.0","7,956","Nej","00:01:00","10","00:48:28","00:48:29","35","49"
Löpning,2025-07-20 13:21:56,false,"Linköping Löpning","3.00","271","00:22:19","149","159","2.2","165","171","7:26","6:55","2","3","0.81","7.3","6.1","302","47.9% vänster/52.1% höger","0.0","3,642","Nej","00:00:00.8","4","00:22:17","00:22:19","38","45"
Löpning,2025-07-18 16:21:15,false,"Kraftprovet 1:16:02","11.59","1,211","01:16:06","191","203","5.0","166","185","6:34","4:54","134","136","0.91","7.6","7.0","285","49.2% vänster/50.8% höger","0.0","12,488","Nej","00:03:21.8","12","01:15:51","01:16:06","11","85"
Löpning,2025-07-17 16:46:29,false,"Borås Löpning","2.00","193","00:15:23","155","168","2.1","165","190","7:43","6:01","16","16","0.78","7.1","5.7","318","48.3% vänster/51.7% höger","0.0","2,524","Nej","00:07:19.4","2","00:15:23","00:15:23","163","179"
Löpning,2025-07-15 20:03:39,false,"Göteborg - halv norska 4/3 * 2","4.00","395","00:26:49","172","200","3.3","168","196","6:42","4:31","58","69","0.88","7.2","6.5","301","48.3% vänster/51.8% höger","0.0","4,444","Nej","00:03:00","6","00:26:41","00:26:49","50","99"
Löpning,2025-07-13 19:32:09,false,"Göteborg Löpning","4.50","423","00:34:02","156","188","2.6","165","188","7:34","5:32","52","95","0.79","6.5","5.3","319","48.7% vänster/51.3% höger","0.0","5,554","Nej","00:04:18.6","5","00:34:00","00:34:02","4","98"
Löpning,2025-07-12 12:36:31,false,"Uppsala Löpning","8.00","814","00:52:46","187","206","4.4","167","175","6:36","5:29","71","75","0.90","7.7","7.1","279","48.8% vänster/51.2% höger","0.0","8,734","Nej","00:00:01.0","9","00:52:44","00:53:30","8","27"
Löpning,2025-07-09 18:11:32,false,"Göteborg Löpning","14.32","1,355","01:51:12","161","184","3.8","164","183","7:46","6:23","166","167","0.78","7.4","5.9","318","48.9% vänster/51.1% höger","0.0","18,108","Nej","00:02:35.9","15","01:51:09","01:51:12","20","100"
Löpning,2025-07-07 22:22:27,false,"Mölndal Löpning","3.00","290","00:24:37","152","176","2.4","163","189","8:12","6:34","66","61","0.72","6.9","5.1","336","48.7% vänster/51.3% höger","0.0","3,974","Nej","00:00:00.7","4","00:24:27","00:24:37","46","89"
Löpning,2025-07-06 11:52:55,false,"Borås - norska","8.00","854","00:55:49","183","212","5.0","165","179","6:59","5:00","45","60","0.86","7.3","6.5","305","48.4% vänster/51.6% höger","0.0","9,118","Nej","00:00:00.5","13","00:55:48","00:55:49","132","167"
Löpning,2025-07-03 19:28:25,false,"Göteborg Löpning","5.00","482","00:37:54","152","173","3.1","163","171","7:35","6:33","77","77","0.81","7.5","6.2","307","48.4% vänster/51.6% höger","0.0","6,150","Nej","00:07:15.6","5","00:37:54","00:37:54","50","99"
Löpning,2025-07-01 18:23:38,false,"Göteborg Löpning","12.00","1,181","01:35:54","164","187","3.8","160","171","7:59","6:28","148","150","0.78","8.3","6.7","315","48.4% vänster/51.6% höger","0.0","15,180","Nej","00:00:00.6","13","01:35:53","01:35:54","19","99"
Löpning,2025-06-29 13:58:32,false,"Borås Löpning","5.00","507","00:32:44","180","202","4.1","165","197","6:33","4:56","123","203","0.91","7.8","7.2","282","49.0% vänster/51.0% höger","0.0","5,364","Nej","00:05:27.0","5","00:32:34","00:32:44","132","244"
Löpning,2025-06-25 10:21:41,false,"Göteborg Löpning","6.15","640","00:46:38","171","196","3.6","163","188","7:35","5:33","90","76","0.81","7.5","6.2","316","48.3% vänster/51.7% höger","0.0","7,514","Nej","00:01:11.3","7","00:46:25","00:46:38","6","70"
Löpning,2025-06-25 10:01:40,false,"Göteborg Löpning","0.95","91","00:06:20.9","161","185","2.1","170","188","6:43","5:27","--","45","0.88","7.3","6.5","276","47.4% vänster/52.6% höger","0.0","1,056","Nej","00:06:20.9","1","00:06:15","00:06:20.9","51","99"
Löpning,2025-06-23 14:44:33,false,"Göteborg Löpning","6.00","605","00:44:18","167","188","3.5","166","180","7:23","5:19","83","86","0.82","7.8","6.6","294","48.7% vänster/51.3% höger","0.0","7,276","Nej","00:07:07.0","6","00:44:17","00:44:18","43","100"
Löpning,2025-06-19 10:41:44,false,"Göteborg Löpning","7.40","766","00:55:39","170","199","3.9","164","206","7:31","6:07","84","98","0.82","7.9","6.6","299","49.1% vänster/50.9% höger","0.0","9,000","Nej","00:03:35.8","8","00:55:31","00:56:37","5","99"
Löpning,2025-06-14 22:28:30,false,"Göteborg Löpning","5.00","497","00:39:13","162","188","3.1","162","174","7:50","2:15","79","80","0.78","7.9","6.4","313","49.4% vänster/50.6% höger","0.0","6,316","Nej","00:07:17.3","5","00:39:12","00:39:13","22","99"
Löpning,2025-06-10 19:46:35,false,"Göteborg Löpning","4.01","411","00:28:11","170","190","3.5","163","173","7:02","5:35","65","71","0.87","8.3","7.4","288","49.1% vänster/50.9% höger","0.0","4,550","Nej","00:00:02.6","5","00:28:01","00:28:11","47","98"
Löpning,2025-01-05 17:32:58,false,"Göteborg Löpning","4.40","468","00:33:20","168","190","3.4","171","186","7:35","5:38","55","64","0.77","7.6","6.0","292","48.4% vänster/51.6% höger","0.0","5,634","Nej","00:03:03.6","5","00:33:12","00:33:36","50","99"
Löpning,2024-12-31 12:01:46,false,"Sylvester Loppet - Off 59:16","10.28","1,027","00:59:25","195","209","5.0","171","184","5:47","4:54","75","74","1.00","7.8","8.0","266","48.4% vänster/51.6% höger","0.0","10,072","Nej","00:01:24.8","11","00:59:22","00:59:25","4","26"
Löpning,2024-12-29 16:50:36,false,"Göteborg Löpning","4.00","440","00:31:32","169","193","3.3","160","186","7:53","4:54","150","152","0.78","9.0","7.1","296","49.1% vänster/50.9% höger","0.0","4,992","Nej","00:03:09.1","5","00:31:31","00:31:41","50","156"
Löpning,2024-07-27 12:00:39,false,"Falkenberg Löpning","10.03","901","00:52:59","177","194","4.6","173","188","5:17","4:44","47","48","1.08","7.4","8.2","258","48.1% vänster/51.9% höger","0.0","9,072","Nej","00:00:08.7","11","00:52:57","00:52:59","-1","21"
Löpning,2024-07-25 14:55:58,false,"Göteborg Löpning","7.00","705","00:50:31","170","191","3.2","162","172","7:13","2:09","105","104","0.90","8.3","7.5","290","48.4% vänster/51.6% höger","0.0","8,094","Nej","00:00:00.7","8","00:50:30","00:50:31","46","99"
Löpning,2024-07-23 20:12:32,false,"Borås Löpning","6.00","555","00:34:01","175","190","3.8","169","177","5:40","4:31","53","52","1.04","7.4","7.9","265","48.8% vänster/51.3% höger","0.0","5,674","Nej","00:00:00.7","7","00:33:55","00:34:01","161","190"
Löpning,2024-07-19 16:11:02,false,"Kraftprovet 2024","11.63","1,147","01:06:05","194","207","5.0","169","212","5:41","4:16","185","187","1.02","7.7","8.0","268","48.5% vänster/51.5% höger","0.0","11,030","Nej","00:03:16.3","12","01:06:00","01:06:05","11","85"
Löpning,2024-07-16 20:19:56,false,"Göteborg - norska","8.00","758","00:49:22","168","195","4.5","168","180","6:10","4:33","103","119","0.96","8.0","7.8","274","48.2% vänster/51.8% höger","0.0","8,174","Nej","00:01:40.1","12","00:49:18","00:49:50","35","100"
Löpband,2024-07-14 18:26:04,false,"Löpband","4.00","396","00:28:42","155","167","3.1","158","219","7:10","6:23","--","--","0.88","10.3","9.2","291","48.4% vänster/51.6% höger","0.0","4,500","Nej","00:28:42","1","00:28:42","00:28:42","--","--"
Löpning,2024-07-10 15:52:24,false,"Borås - norska","8.00","741","00:49:08","164","204","4.5","166","182","6:08","4:28","36","58","0.97","7.6","7.5","273","49.0% vänster/51.0% höger","0.0","8,078","Nej","00:00:36.2","12","00:49:06","00:49:08","126","168"
Löpning,2024-07-07 21:04:59,false,"Borås Löpning","7.55","694","00:46:45","164","194","4.2","167","184","6:11","4:52","25","59","0.97","7.9","7.8","272","48.7% vänster/51.3% höger","0.0","7,714","Nej","00:03:41.9","8","00:46:41","00:47:03","125","168"
Löpning,2024-07-05 11:53:05,false,"Borås Löpning","3.01","283","00:19:16","165","187","3.2","169","181","6:24","5:26","26","34","0.92","7.5","7.0","274","48.5% vänster/51.5% höger","0.0","3,212","Nej","00:00:04.5","4","00:19:15","00:19:16","128","167"
Löpning,2024-07-03 17:00:27,false,"Borås Löpning","8.13","755","00:55:45","159","182","3.6","161","174","6:51","5:30","53","67","0.89","8.4","7.7","283","49.1% vänster/50.9% höger","0.0","8,878","Nej","00:00:52.6","9","00:55:42","00:55:45","132","170"
Löpning,2024-06-30 17:33:25,false,"Borås Löpning","4.00","373","00:23:58","169","187","3.6","169","184","5:59","4:44","33","33","0.99","7.9","8.0","265","48.4% vänster/51.6% höger","0.0","4,002","Nej","00:05:37.6","4","00:23:57","00:23:58","161","179"
Löpband,2024-06-16 20:36:36,false,"Norska 12km/h","8.00","809","00:51:21","172","202","4.0","165","181","6:25","5:40","--","--","0.86","9.3","8.1","274","48.9% vänster/51.1% höger","0.0","8,406","Nej","00:01:43.4","9","00:51:17","00:51:26","--","--"
Löpning,2024-06-13 20:34:05,false,"Borås - norska","8.00","728","00:48:26","160","196","3.8","170","186","6:03","4:21","39","70","0.97","7.9","7.8","265","48.3% vänster/51.7% höger","0.0","8,124","Nej","00:03:00","11","00:48:25","00:48:26","131","182"
Löpning,2024-06-10 18:06:13,false,"Borås Löpning","10.00","935","01:08:00","157","184","3.2","165","180","6:48","5:36","71","72","0.89","8.6","7.8","267","49.2% vänster/50.8% höger","0.0","11,126","Nej","00:06:21.3","10","01:07:56","01:08:09","132","170"
Löpning,2024-06-01 12:12:40,false,"Stockholm Löpning","43.37","3,997","05:30:05","164","188","5.0","157","236","7:37","4:19","566","570","0.84","8.7","7.5","303","49.1% vänster/50.9% höger","0.0","51,140","Nej","00:01:55.9","44","05:26:05","05:30:05","-6","51"
Löpning,2024-05-30 15:56:17,false,"Borås Löpning","5.01","458","00:30:25","163","193","3.1","169","179","6:04","4:59","28","58","0.98","8.5","8.5","261","47.9% vänster/52.1% höger","0.0","5,064","Nej","00:02:29.9","9","00:30:24","00:30:25","132","167"
Löpning,2024-05-28 19:39:34,false,"Borås Löpning","6.01","554","00:34:25","170","199","3.6","170","183","5:44","4:25","57","56","1.02","8.0","8.3","258","48.0% vänster/52.0% höger","0.0","5,794","Nej","00:00:01.5","7","00:34:19","00:34:25","160","190"
Löpning,2024-05-26 19:52:09,false,"Borås Löpning","8.48","766","00:55:27","156","181","3.2","166","195","6:32","5:18","59","62","0.91","9.3","8.6","272","47.8% vänster/52.2% höger","0.0","9,080","Nej","00:03:38.6","9","00:55:23","00:55:27","132","167"
Löpning,2024-05-24 10:01:02,false,"Borås Löpning","8.00","747","00:48:14","166","194","4.0","169","190","6:02","4:22","83","86","0.97","8.2","8.1","265","48.6% vänster/51.4% höger","0.0","8,040","Nej","00:04:56.5","8","00:48:13","00:48:14","133","168"
Löpning,2024-05-22 20:20:38,false,"Borås Löpning","10.00","932","00:59:05","171","186","3.9","169","189","5:54","4:35","72","75","1.00","8.7","8.9","253","48.5% vänster/51.5% höger","0.0","9,860","Nej","00:05:17.4","10","00:59:04","00:59:05","131","168"
Löpning,2024-05-18 14:29:39,false,"Göteborg Löpning","21.46","2,067","02:07:31","182","203","5.0","170","191","5:57","4:59","282","286","0.99","8.4","8.5","265","49.2% vänster/50.8% höger","0.0","21,360","Nej","00:02:25.5","22","02:07:24","02:07:31","-1","57"
Löpning,2024-05-16 19:44:01,false,"Borås Löpning","4.00","373","00:24:59","159","184","3.0","166","179","6:15","5:02","34","32","0.97","8.3","8.2","265","49.3% vänster/50.7% höger","0.0","4,088","Nej","00:02:43.0","7","00:24:46","00:24:59","161","178"
Löpning,2024-05-09 15:34:00,false,"Borås Löpning","20.01","1,780","02:12:57","156","171","3.8","166","177","6:39","5:24","120","151","0.91","8.4","7.8","265","49.7% vänster/50.3% höger","0.0","21,854","Nej","00:00:05.2","21","02:12:52","02:15:20","130","167"
Löpning,2024-05-05 12:18:19,false,"Borås Löpning","6.88","674","00:52:33","164","176","2.8","163","177","7:38","5:41","70","36","0.80","8.3","6.8","302","49.4% vänster/50.6% höger","0.0","8,492","Nej","00:06:48.3","7","00:52:28","00:57:12","133","191"
Löpning,2024-05-05 11:13:48,false,"Borås Löpning","10.01","929","00:53:34","188","199","4.7","174","179","5:21","4:56","61","63","1.07","7.7","8.4","251","48.2% vänster/51.8% höger","0.0","9,200","Nej","00:00:01.2","11","00:53:32","00:53:34","132","149"
Löpning,2024-05-05 11:02:27,false,"Borås Löpning","0.66","63","00:04:47.6","150","160","0.8","165","169","7:14","6:57","--","--","0.84","8.8","7.5","264","49.8% vänster/50.2% höger","0.0","784","Nej","00:04:47.6","1","00:04:47","00:04:57.8","139","149"
Löpning,2024-05-05 10:43:18,false,"Borås Löpning","2.50","233","00:17:45","154","164","2.1","166","192","7:06","5:33","9","34","0.85","8.6","7.4","267","49.2% vänster/50.8% höger","0.0","2,918","Nej","00:03:49.6","3","00:17:44","00:17:45","132","168"
Löpning,2024-05-03 11:15:49,false,"Borås Löpning","15.00","1,393","01:30:41","170","191","4.5","172","185","6:03","4:02","71","74","0.96","7.7","7.6","263","48.6% vänster/51.4% höger","0.0","15,456","Nej","00:00:00.5","16","01:30:37","01:31:05","127","167"
Löpning,2024-05-02 20:46:48,false,"Borås Löpning","5.00","458","00:29:40","163","178","3.2","169","186","5:56","5:16","43","42","1.00","8.8","8.9","252","49.6% vänster/50.4% höger","0.0","4,942","Nej","00:00:01.1","6","00:29:40","00:29:40","161","183"
Löpning,2024-04-28 14:43:40,false,"Borås Löpning","15.00","1,371","01:43:20","158","174","3.5","166","177","6:53","5:42","172","175","0.88","8.3","7.4","277","49.7% vänster/50.3% höger","0.0","16,944","Nej","00:00:00.8","16","01:43:16","01:43:20","142","217"
Löpning,2024-04-26 13:28:11,false,"Borås Löpning","20.00","1,763","02:08:28","155","178","3.9","170","191","6:25","5:27","84","85","0.91","7.6","7.1","265","49.1% vänster/50.9% höger","0.0","21,676","Nej","00:00:00.7","21","02:08:19","02:09:02","132","167"
Löpband,2024-04-25 19:43:14,false,"Löpband","5.00","441","00:34:26","150","161","2.3","165","171","6:53","6:27","--","--","0.89","8.9","8.1","261","49.0% vänster/51.0% höger","0.0","5,626","Nej","00:34:26","1","00:34:26","00:34:26","--","--"
Löpning,2024-04-23 21:02:02,false,"Borås Löpning","10.00","905","00:57:32","167","180","3.8","175","186","5:45","5:10","63","64","0.99","7.2","7.4","256","48.9% vänster/51.1% höger","0.0","9,958","Nej","00:00:01.0","11","00:57:29","00:57:32","116","168"
Löpning,2024-04-21 16:44:00,false,"Borås Löpning","27.01","2,373","02:54:11","152","174","4.5","170","184","6:27","5:36","138","141","0.91","7.6","7.1","267","49.1% vänster/50.9% höger","0.0","29,240","Nej","00:00:01.3","28","02:54:03","02:54:44","132","167"
Löpning,2024-04-18 19:37:20,false,"Borås Löpning","12.00","1,082","01:23:06","150","169","3.2","165","182","6:55","4:59","178","175","0.87","8.3","7.4","284","48.8% vänster/51.2% höger","0.0","13,586","Nej","00:00:01.2","13","01:23:02","01:23:06","155","211"
Löpning,2024-04-17 20:14:18,false,"Borås Löpning","1.00","98","00:07:28.7","154","162","1.3","163","176","7:27","6:31","--","--","0.80","8.2","6.6","282","48.9% vänster/51.1% höger","0.0","1,224","Nej","00:00:01.2","2","00:07:24","00:13:29","133","137"
Löpning,2024-04-17 19:45:02,false,"Borås Löpning","5.07","430","00:23:43","191","206","3.8","178","218","4:40","3:52","1","2","1.20","6.7","8.3","235","49.2% vänster/50.8% höger","0.0","4,178","Nej","00:00:16.1","6","00:23:39","00:23:43","133","136"
Löpning,2024-04-17 19:19:29,false,"Borås Löpning","2.00","183","00:14:30","149","169","2.0","163","194","7:14","4:12","7","5","0.83","8.8","7.3","283","48.8% vänster/51.2% höger","0.0","2,342","Nej","00:00:01.3","3","00:14:21","00:15:20","134","139"
Löpning,2024-04-16 18:36:01,false,"Borås Löpning","10.00","914","01:07:34","155","176","3.3","167","185","6:45","6:02","74","75","0.89","8.2","7.4","270","48.8% vänster/51.3% höger","0.0","11,168","Nej","00:00:01.2","11","01:07:29","01:07:42","132","167"
Löpning,2024-04-14 12:48:48,false,"Borås Löpning","16.00","1,481","01:36:51","171","186","4.8","173","187","6:03","4:55","91","93","0.95","7.7","7.5","261","49.3% vänster/50.7% höger","0.0","16,536","Nej","00:00:00.9","17","01:36:47","01:36:51","133","167"
Löpning,2024-04-11 18:52:37,false,"Borås Löpning","20.01","1,763","02:21:07","154","166","3.8","169","178","7:03","5:32","150","147","0.84","7.7","6.6","273","49.4% vänster/50.6% höger","0.0","23,642","Nej","00:00:04.3","21","02:20:56","02:21:58","135","224"
Löpning,2024-04-10 19:10:02,false,"Borås Löpning","15.00","1,342","01:41:46","152","176","3.6","166","184","6:47","5:37","144","147","0.88","8.1","7.3","267","49.5% vänster/50.5% höger","0.0","16,758","Nej","00:00:00.7","16","01:41:38","01:41:46","130","221"
Löpning,2024-04-08 18:56:04,false,"Borås Löpning","5.00","471","00:34:38","152","161","2.7","167","191","6:55","5:22","43","41","0.87","8.0","7.1","274","49.8% vänster/50.3% höger","0.0","5,722","Nej","00:00:02.2","6","00:34:36","00:34:38","161","183"
Löpning,2024-04-06 15:41:50,false,"Borås Löpning","30.00","2,633","03:45:23","158","175","4.1","164","178","7:31","5:52","154","184","0.81","8.4","6.9","285","48.9% vänster/51.1% höger","0.0","36,542","Nej","00:00:01.2","31","03:45:11","03:48:40","127","167"
Löpning,2024-04-04 15:29:03,false,"12km 5:54","16.00","1,483","01:38:49","169","186","4.5","172","185","6:11","5:19","101","102","0.94","7.7","7.4","264","49.1% vänster/50.9% höger","0.0","16,756","Nej","00:00:01.2","17","01:38:46","01:38:49","132","167"
Löpband,2024-04-03 13:56:37,false,"Löpband","8.00","657","00:55:22","148","161","2.6","166","190","6:55","6:40","--","--","0.86","8.6","7.5","264","49.4% vänster/50.6% höger","0.0","9,124","Nej","00:55:22","1","00:55:22","00:55:22","--","--"
Löpning,2024-04-01 16:02:35,false,"Borås Löpning","7.00","676","00:49:53","156","176","3.0","166","187","7:07","5:44","113","39","0.85","8.8","7.6","269","49.7% vänster/50.3% höger","0.0","8,194","Nej","00:06:49.2","8","00:49:53","00:49:53","161","245"
Löpning,2024-03-31 16:35:26,false,"Borås Löpning","22.00","1,980","02:38:00","152","170","4.0","164","201","7:11","5:21","278","307","0.85","8.9","7.6","275","48.9% vänster/51.1% höger","0.0","25,544","Nej","00:00:01.3","23","02:37:51","02:40:09","128","302"
Löpning,2024-03-30 15:38:34,false,"6km 5:18","10.00","924","00:59:48","175","195","4.6","170","187","5:59","4:59","53","56","0.98","7.7","7.7","263","49.1% vänster/50.9% höger","0.0","10,056","Nej","00:00:01.1","11","00:59:45","00:59:48","133","168"
Löpning,2024-03-29 14:35:16,false,"Borås Löpning","5.31","493","00:36:03","154","170","2.9","164","186","6:47","5:51","52","50","0.90","8.6","7.9","272","49.1% vänster/50.9% höger","0.0","5,854","Nej","00:02:07.1","6","00:36:00","00:36:03","162","190"
Löpning,2024-03-28 12:17:09,false,"Borås Löpning","12.00","1,082","01:27:36","157","170","3.2","163","190","7:18","5:58","67","98","0.84","8.8","7.5","268","49.2% vänster/50.8% höger","0.0","14,184","Nej","00:00:00.4","13","01:27:33","01:27:36","132","168"
Löpning,2024-03-27 18:37:51,false,"Borås Löpning","10.70","977","01:14:30","154","173","3.3","165","175","6:58","5:25","80","81","0.87","8.5","7.6","271","49.4% vänster/50.6% höger","0.0","12,150","Nej","00:05:40.6","11","01:14:26","01:14:30","131","178"
Löpning,2024-03-19 17:43:36,false,"Borås Löpning","16.00","1,439","01:51:20","153","167","3.6","164","186","6:57","4:51","105","107","0.87","8.1","7.3","276","49.0% vänster/51.0% höger","0.0","18,122","Nej","00:00:01.6","17","01:51:16","01:51:20","130","167"
Löpning,2024-03-17 10:00:25,false,"Borås Löpning","4.00","378","00:25:26","166","185","3.0","168","181","6:21","4:50","34","33","0.94","7.6","7.3","274","49.7% vänster/50.3% höger","0.0","4,200","Nej","00:00:01.1","5","00:25:22","00:25:26","162","179"
Löpning,2024-03-15 14:55:22,false,"Borås Löpning","8.00","725","00:53:07","155","176","3.3","168","187","6:38","5:12","55","55","0.90","7.5","6.9","270","49.1% vänster/50.9% höger","0.0","8,824","Nej","00:00:00.8","9","00:53:06","00:53:07","131","167"
Löpband,2024-03-14 12:55:45,false,"Löpband","15.00","1,100","01:44:08","149","164","2.9","166","172","6:56","5:34","--","--","0.94","7.6","7.3","257","48.8% vänster/51.2% höger","0.0","17,162","Nej","01:44:08","1","01:44:06","01:45:12","--","--"
Löpning,2024-03-13 15:04:32,false,"Borås Löpning","10.00","906","01:06:54","152","168","3.3","167","193","6:41","5:13","77","77","0.89","7.8","7.2","271","49.3% vänster/50.7% höger","0.0","11,072","Nej","00:06:09.1","10","01:06:41","01:10:02","133","172"
Löpning,2024-03-12 15:57:24,false,"Borås Löpning","5.01","467","00:37:04","153","165","2.5","163","172","7:24","6:07","42","39","0.83","8.1","6.8","298","49.3% vänster/50.7% höger","0.0","5,984","Nej","00:00:02.1","6","00:36:55","00:37:04","162","186"
Löpning,2024-03-10 14:38:21,false,"Borås Löpning","25.01","2,175","03:04:26","154","168","3.9","164","186","7:22","5:30","111","142","0.83","7.9","6.7","295","48.4% vänster/51.6% höger","0.0","30,022","Nej","00:01:15.0","26","03:04:21","03:04:26","129","168"
Löpband,2024-03-07 18:53:10,false,"Löpband","10.00","892","01:05:09","163","185","3.5","166","240","6:31","6:17","--","--","0.88","9.0","8.1","269","48.5% vänster/51.5% höger","0.0","10,716","Nej","00:14:16","3","01:05:09","01:05:09","--","--"
Löpband,2024-03-06 19:55:24,false,"Löpband","15.00","1,155","01:44:18","149","165","3.0","164","187","6:57","6:07","--","--","0.89","8.6","7.8","265","49.2% vänster/50.8% höger","0.0","16,932","Nej","00:08:33.1","8","01:44:16","01:44:18","--","--"
Löpning,2024-03-04 17:22:46,false,"Borås Löpning","5.00","459","00:31:35","158","168","3.1","167","187","6:19","4:54","39","36","0.94","7.7","7.4","271","48.6% vänster/51.4% höger","0.0","5,226","Nej","00:00:00.7","6","00:31:34","00:31:35","162","182"
Löpning,2024-03-03 18:16:58,false,"Borås Löpning","8.10","737","00:57:59","151","165","3.0","165","182","7:10","5:51","62","61","0.85","8.1","7.1","275","48.7% vänster/51.3% höger","0.0","9,444","Nej","00:00:46.5","9","00:57:57","00:57:59","133","172"
Löpning,2024-03-02 12:22:08,false,"Borås Löpning","10.04","901","01:09:37","154","169","3.3","166","184","6:56","5:13","67","67","0.87","8.1","7.2","272","48.7% vänster/51.3% höger","0.0","11,472","Nej","00:00:15.2","11","01:09:34","01:10:24","128","172"
Löpband,2024-02-28 18:24:50,false,"Löpband","12.00","984","01:18:06","161","178","3.6","167","176","6:30","5:57","--","--","0.92","8.4","7.9","259","48.1% vänster/51.9% höger","0.0","12,948","Nej","00:01:05.3","8","01:18:03","01:18:06","--","--"
Löpning,2024-02-27 16:43:12,false,"Borås Löpning","10.05","924","01:12:49","152","168","3.4","165","210","7:15","4:53","144","145","0.82","8.6","7.2","284","49.4% vänster/50.6% höger","0.0","11,886","Nej","00:00:20.4","11","01:12:47","01:12:49","166","202"
Löpning,2024-02-25 14:42:47,false,"Borås Löpning","25.00","2,181","03:09:15","154","170","4.7","164","179","7:34","5:45","109","129","0.80","7.9","6.5","300","48.4% vänster/51.6% höger","0.0","30,762","Nej","00:00:00.5","26","03:09:08","03:09:15","131","167"
Löpning,2024-02-24 14:00:46,false,"Borås Löpning","5.00","469","00:36:23","155","169","3.0","164","200","7:16","5:24","54","54","0.83","8.2","7.0","287","48.3% vänster/51.7% höger","0.0","5,926","Nej","00:00:01.1","6","00:36:22","00:36:23","162","188"
Löpning,2024-02-23 13:51:47,false,"Borås Löpning","18.50","1,633","02:12:26","155","166","4.5","166","199","7:10","5:35","94","124","0.83","8.1","6.9","275","48.8% vänster/51.2% höger","0.0","21,762","Nej","00:03:38.9","19","02:12:18","02:15:03","129","167"
Löpning,2024-02-20 16:55:44,false,"Borås Löpning","4.00","379","00:27:16","152","163","3.1","166","182","6:49","5:18","39","37","0.89","8.2","7.5","275","48.3% vänster/51.7% höger","0.0","4,478","Nej","00:00:01.1","5","00:27:16","00:27:16","161","180"
Löpning,2024-02-18 13:13:46,false,"Borås Löpning","15.00","1,355","01:53:12","157","174","3.7","162","191","7:33","5:37","67","78","0.82","8.1","6.8","310","48.5% vänster/51.5% höger","0.0","18,134","Nej","00:00:00.6","16","01:53:09","01:53:12","130","168"
Löpning,2024-02-17 17:55:53,false,"Borås Löpning","5.12","485","00:33:56","160","177","3.3","168","186","6:37","5:39","52","48","0.90","8.4","7.7","259","48.9% vänster/51.1% höger","0.0","5,632","Nej","00:00:48.7","6","00:33:54","00:34:05","157","179"
Löpning,2024-02-16 14:38:33,false,"Borås Löpning","12.00","1,079","01:32:46","155","174","3.4","161","170","7:44","6:12","38","65","0.80","8.1","6.6","312","48.7% vänster/51.3% höger","0.0","14,800","Nej","00:00:00.7","13","01:32:44","01:32:46","133","166"
Löpning,2024-02-13 17:00:32,false,"Borås Löpning","6.03","562","00:42:47","154","174","3.3","164","172","7:06","5:50","36","48","0.86","8.7","7.6","299","47.9% vänster/52.1% höger","0.0","6,946","Nej","00:00:10.9","7","00:42:47","00:42:47","121","167"
Löpband,2024-02-12 16:23:03,false,"Löpband","8.00","709","00:57:07","152","167","3.3","159","183","7:08","6:52","--","--","0.87","9.6","8.5","269","49.2% vänster/50.8% höger","0.0","9,004","Nej","00:13:31","4","00:56:57","00:57:07","--","--"
Löpband,2024-02-09 19:29:35,false,"Löpband","5.00","482","00:37:37","152","165","2.7","160","240","7:31","6:38","--","--","0.88","8.2","7.4","277","49.3% vänster/50.7% höger","0.0","5,960","Nej","00:09:19.2","3","00:37:33","00:37:37","--","--"
Löpning,2024-01-28 15:12:46,false,"Borås Löpning","19.00","1,657","02:27:20","154","171","3.5","162","192","7:45","6:05","105","135","0.79","8.8","7.1","296","49.0% vänster/51.0% höger","0.0","23,690","Nej","00:00:01.3","20","02:27:03","02:30:21","126","177"
Löpband,2024-01-26 17:01:07,false,"Löpband","11.50","1,045","01:12:09","170","183","4.1","166","177","6:16","6:01","--","--","0.88","8.4","7.6","256","49.0% vänster/51.0% höger","0.0","11,902","Nej","00:04:50.7","6","01:12:05","01:12:09","--","--"
Löpning,2024-01-25 17:24:19,false,"Borås Löpning","8.00","736","00:51:14","169","195","4.0","166","182","6:24","4:50","73","83","0.93","7.9","7.5","280","49.2% vänster/50.8% höger","0.0","8,400","Nej","00:00:01.3","9","00:51:08","00:51:34","122","191"
Löpband,2024-01-22 13:33:21,false,"Löpband","10.00","877","01:14:07","153","165","3.0","162","219","7:25","6:49","--","--","0.84","8.9","7.6","273","48.6% vänster/51.4% höger","0.0","11,936","Nej","01:14:07","1","01:14:07","01:14:07","--","--"
Löpband,2024-01-21 15:37:39,false,"Löpband","10.00","840","01:14:13","149","161","2.8","161","186","7:25","6:06","--","--","0.96","7.8","7.7","269","48.8% vänster/51.2% höger","0.0","11,824","Nej","01:14:13","1","01:14:13","01:15:01","--","--"
Löpning,2024-01-16 15:36:59,false,"Borås Löpning","10.13","923","01:15:25","155","167","3.0","165","172","7:27","5:34","73","73","0.82","8.1","6.8","299","47.8% vänster/52.2% höger","0.0","12,284","Nej","00:01:02.3","11","01:15:23","01:15:25","128","172"
Löpband,2024-01-14 15:48:57,false,"Löpband","11.00","982","01:10:15","171","199","4.7","158","202","6:23","5:20","--","--","0.96","7.9","7.7","257","49.4% vänster/50.6% höger","0.0","10,994","Nej","00:01:26.5","5","01:10:05","01:10:15","--","--"
Löpning,2024-01-11 13:14:02,false,"Borås Löpning","21.00","1,812","02:43:16","155","177","3.5","164","179","7:46","5:54","79","103","0.79","8.1","6.5","298","48.1% vänster/51.9% höger","0.0","26,502","Nej","00:00:00.7","22","02:43:06","02:45:22","130","166"
Löpning,2024-01-09 15:17:13,false,"Borås Löpning","15.00","1,328","01:54:03","154","166","3.4","163","171","7:36","1:37","87","84","0.80","8.6","7.0","283","47.7% vänster/52.3% höger","0.0","18,466","Nej","00:00:01.3","16","01:53:59","01:54:03","124","172"
Löpband,2024-01-07 09:20:25,false,"Löpband","10.00","970","01:02:59","177","203","5.0","164","226","6:18","5:54","--","--","0.86","9.0","7.9","270","48.7% vänster/51.3% höger","0.0","10,234","Nej","00:01:04.3","7","01:02:57","01:02:59","--","--"
Löpning,2024-01-05 13:11:11,false,"Borås Löpning","15.00","1,356","01:48:26","160","201","3.7","162","178","7:14","4:50","74","105","0.85","8.4","7.3","301","48.2% vänster/51.8% höger","0.0","17,440","Nej","00:00:01.1","16","01:48:22","01:49:06","133","167"
Löpband,2024-01-03 18:30:17,false,"Löpband","12.00","1,046","01:31:17","151","166","3.1","160","165","7:36","6:27","--","--","0.90","8.0","7.4","275","48.4% vänster/51.6% höger","0.0","14,460","Nej","01:31:17","1","01:31:17","01:31:17","--","--"
Löpning,2023-12-31 12:52:15,false,"Borås Löpning","8.01","761","00:53:23","173","199","4.0","161","184","6:40","5:05","66","81","0.93","7.8","7.4","284","49.1% vänster/50.9% höger","0.0","8,500","Nej","00:00:01.3","9","00:53:21","00:53:23","131","167"
Löpband,2023-12-29 13:34:39,false,"Löpband","8.00","803","01:04:05","155","167","3.1","159","183","8:01","7:09","--","--","0.73","9.1","6.8","317","49.6% vänster/50.4% höger","0.0","10,098","Nej","01:04:05","1","01:04:04","01:05:58","--","--"
Löpning,2023-12-27 15:23:31,false,"Borås Löpning","22.00","1,925","02:56:27","157","170","3.7","159","173","8:01","6:13","107","119","0.79","8.2","6.6","322","49.7% vänster/50.3% höger","0.0","27,722","Nej","00:00:01.4","23","02:56:18","02:56:27","130","167"
Löpning,2023-12-25 14:59:32,false,"Borås Löpning","12.00","1,077","01:25:36","154","165","3.4","162","173","7:08","5:50","45","78","0.86","8.2","7.2","287","48.6% vänster/51.4% höger","0.0","13,754","Nej","00:00:01.5","13","01:25:32","01:25:36","127","168"
Löpband,2023-12-22 15:32:36,false,"Löpband","8.00","729","00:59:12","152","166","3.0","161","170","7:24","6:43","--","--","0.83","8.7","7.4","275","48.9% vänster/51.1% höger","0.0","9,484","Nej","00:11:29","5","00:59:10","00:59:58","--","--"
Löpning,2023-12-20 13:13:16,false,"Borås Löpning","11.50","1,059","01:21:40","167","198","4.2","162","177","7:06","5:03","28","59","0.87","8.1","7.1","294","49.2% vänster/50.8% höger","0.0","13,054","Nej","00:03:44.7","12","01:21:33","01:21:54","128","167"
Löpning,2023-12-18 13:53:36,false,"Borås Löpning","20.00","1,765","02:41:59","158","169","3.7","158","178","8:06","6:11","137","157","0.78","8.0","6.4","326","49.0% vänster/51.0% höger","0.0","25,396","Nej","00:00:00.9","21","02:41:54","02:41:59","123","178"
Löpning,2023-12-15 12:08:39,false,"Borås Löpning","14.00","1,233","01:49:21","156","172","3.3","159","179","7:49","6:12","76","97","0.80","8.1","6.6","322","48.8% vänster/51.2% höger","0.0","17,278","Nej","00:00:00.4","15","01:49:13","01:57:54","121","167"
Löpband,2023-12-13 18:51:37,false,"Löpband","8.00","791","01:01:23","155","166","3.3","160","213","7:40","6:49","--","--","0.83","8.4","7.2","280","48.3% vänster/51.7% höger","0.0","9,768","Nej","00:00:52.3","6","01:01:20","01:01:23","--","--"
Löpband,2023-12-09 16:18:13,false,"Löpband","10.00","931","01:14:02","155","164","3.4","161","169","7:24","6:03","--","--","0.90","7.7","7.1","278","48.2% vänster/51.8% höger","0.0","11,836","Nej","00:07:46.7","7","01:14:01","01:14:02","--","--"
Löpband,2023-12-06 19:49:01,false,"Löpband","9.90","1,007","01:04:56","177","199","5.0","164","176","6:34","5:05","--","--","0.99","7.7","7.7","277","48.8% vänster/51.2% höger","0.0","10,552","Nej","00:01:06.7","9","01:04:48","01:04:57","--","--"
Löpning,2023-12-01 15:34:48,false,"Borås Löpning","18.00","1,592","02:18:46","154","174","4.0","164","185","7:43","5:50","110","111","0.79","7.7","6.2","313","48.5% vänster/51.5% höger","0.0","22,512","Nej","00:00:01.2","19","02:18:43","02:18:46","129","167"
Löpning,2023-11-29 12:51:44,false,"Borås Löpning","11.00","1,002","01:26:12","157","166","3.2","162","181","7:50","6:11","58","58","0.79","8.8","7.1","313","47.7% vänster/52.3% höger","0.0","13,848","Nej","00:00:01.6","12","01:26:09","01:26:12","132","166"
Löpning,2023-11-25 16:59:37,false,"Borås Löpning","10.25","938","01:14:50","155","168","3.4","163","200","7:18","2:05","62","63","0.84","8.2","7.0","282","48.7% vänster/51.3% höger","0.0","12,072","Nej","00:02:07.0","11","01:14:14","01:15:37","132","170"
Löpning,2023-11-23 17:55:19,false,"Borås Löpning","12.10","1,141","01:29:51","157","171","3.6","161","177","7:25","6:00","78","83","0.83","8.6","7.3","294","48.7% vänster/51.3% höger","0.0","14,332","Nej","00:00:49.2","13","01:29:49","01:29:57","128","171"
Löpning,2023-11-20 19:26:49,false,"Borås Löpning","4.10","396","00:28:36","156","168","3.0","162","185","6:59","5:30","48","66","0.88","8.1","7.2","286","48.8% vänster/51.2% höger","0.0","4,590","Nej","00:00:42.5","5","00:28:34","00:28:36","114","154"
Löpning,2023-11-16 16:36:59,false,"Borås Löpning","10.05","949","01:11:27","154","167","3.5","164","179","7:06","5:28","50","82","0.85","8.0","7.0","288","49.1% vänster/50.9% höger","0.0","11,634","Nej","00:00:24.0","11","01:11:25","01:11:27","126","170"
Löpning,2023-11-10 14:08:56,false,"Borås Löpning","17.65","1,630","02:09:47","155","173","4.4","162","180","7:21","5:42","108","108","0.84","8.5","7.3","288","48.4% vänster/51.6% höger","0.0","20,798","Nej","00:05:19.7","18","02:09:40","02:16:43","124","170"
Löpning,2023-11-08 17:20:14,false,"Borås Löpning","11.18","1,056","01:22:59","156","178","3.5","162","177","7:25","5:50","61","63","0.83","7.9","6.8","299","48.5% vänster/51.5% höger","0.0","13,306","Nej","00:01:35.1","12","01:22:55","01:22:59","131","168"
Löpning,2023-11-05 16:13:53,false,"Borås Löpning","11.60","1,085","01:31:42","156","171","3.6","159","177","7:54","6:35","63","75","0.79","7.7","6.3","339","49.0% vänster/51.0% höger","0.0","14,434","Nej","00:05:23.3","12","01:31:40","01:32:24","130","168"
Löpning,2023-11-03 15:02:34,false,"Löpning","3.97","424","00:24:36","175","201","4.6","161","229","6:12","4:58","--","--","0.94","8.7","8.2","282","48.2% vänster/51.8% höger","0.0","3,916","Nej","00:05:25.9","4","00:23:40","00:24:36","--","--"
Löpning,2023-11-01 17:19:06,false,"Borås Löpning","6.42","637","00:43:37","165","184","3.9","162","174","6:47","5:32","106","107","0.89","8.8","8.0","286","49.0% vänster/51.0% höger","0.0","7,010","Nej","00:02:40.7","7","00:43:36","00:43:37","162","196"
Löpning,2023-10-27 16:32:56,false,"Borås Löpning","10.04","1,003","01:08:18","165","191","4.1","164","180","6:48","5:29","63","64","0.90","8.0","7.3","284","48.7% vänster/51.3% höger","0.0","11,074","Nej","00:00:11.0","11","01:08:16","01:08:18","130","167"
Löpning,2023-10-26 14:18:27,false,"Borås Löpning","6.15","603","00:40:06","163","175","3.8","167","184","6:31","5:28","24","56","0.92","8.2","7.8","270","48.7% vänster/51.3% höger","0.0","6,628","Nej","00:01:01.8","7","00:40:04","00:40:06","132","171"
Löpning,2023-10-12 16:49:04,false,"Borås Löpning","18.50","1,750","02:07:03","162","176","4.3","164","199","6:52","5:36","114","145","0.89","8.6","7.8","271","49.2% vänster/50.8% höger","0.0","20,574","Nej","00:03:26.5","19","02:06:53","02:15:03","127","197"
Löpning,2023-10-08 15:18:34,false,"Borås Löpning","10.01","978","01:08:10","161","183","3.7","161","197","6:49","3:05","104","110","0.91","--","--","--","--","0.0","10,998","Nej","00:00:01.3","11","01:08:07","01:08:10","132","187"
Löpning,2023-10-05 18:42:21,false,"Borås Löpning","7.73","786","00:55:48","167","184","3.3","160","169","7:13","6:20","98","97","0.86","8.3","7.3","283","48.5% vänster/51.5% höger","0.0","8,858","Nej","00:04:57.6","8","00:55:40","00:55:53","132","188"
Löpning,2023-09-30 12:30:50,false,"Borås Löpning","16.00","2,002","02:26:53","171","192","5.0","137","235","9:11","4:29","471","498","0.79","9.8","7.6","355","48.8% vänster/51.2% höger","0.0","19,362","Nej","00:00:00.7","17","02:18:09","02:26:53","132","292"
Löpning,2023-09-24 15:52:54,false,"Borås Löpning","10.14","1,070","01:16:35","168","190","3.4","157","174","7:33","6:19","175","172","0.84","8.4","7.2","311","48.7% vänster/51.3% höger","0.0","11,900","Nej","00:00:59.2","11","01:16:32","01:21:25","166","235"
Löpning,2023-09-16 13:06:00,false,"Kretsloppet 54:52","10.11","1,123","00:54:58","197","211","5.0","169","186","5:26","4:05","36","37","1.08","7.3","8.2","255","50.0% vänster/50.0% höger","0.0","9,222","Nej","00:00:25.8","11","00:54:46","00:54:58","129","144"
Löpning,2023-09-14 16:50:28,false,"Borås Löpning","6.00","635","00:38:01","163","185","3.4","165","181","6:20","4:40","40","50","0.95","7.8","7.7","266","48.9% vänster/51.1% höger","0.0","6,222","Nej","00:00:01.1","7","00:38:00","00:38:01","132","171"
Löpning,2023-09-12 12:03:05,false,"Borås - norska","6.00","636","00:38:38","167","193","3.4","166","182","6:26","4:41","17","17","0.93","7.5","7.1","266","49.0% vänster/51.0% höger","0.0","6,346","Nej","00:00:00.7","13","00:38:31","00:38:38","108","151"
Löpning,2023-09-10 14:08:19,false,"Borås Löpning","7.61","817","00:45:32","176","195","4.3","172","183","5:59","4:54","13","42","0.97","7.1","7.1","257","49.3% vänster/50.8% höger","0.0","7,730","Nej","00:04:24.1","8","00:45:28","00:46:14","132","167"
Löpning,2023-09-07 19:39:55,false,"Borås Löpning","1.01","121","00:07:11.0","158","168","2.0","161","167","7:08","6:21","5","4","0.87","7.8","7.0","288","49.1% vänster/50.9% höger","0.0","1,144","Nej","00:00:02.3","2","00:07:10.7","00:07:11.0","132","137"
Löpning,2023-09-07 19:08:35,false,"Borås - 5 Strides","4.07","429","00:30:00","149","185","2.6","145","217","7:22","2:34","24","48","0.92","7.9","7.2","276","48.6% vänster/51.4% höger","0.0","4,238","Nej","00:00:10.1","13","00:29:44","00:30:00","132","167"
Löpning,2023-09-04 19:35:04,false,"Borås - norska","6.01","645","00:38:22","166","189","3.5","165","183","6:23","4:47","24","38","0.94","7.4","7.1","271","48.6% vänster/51.4% höger","0.0","6,260","Nej","00:00:00.8","12","00:37:34","00:39:02","132","152"
Löpning,2023-09-04 19:32:07,false,"Borås Löpning","0.36","36","00:02:28.9","141","153","0.4","163","169","6:56","6:41","--","15","0.87","8.1","7.2","260","48.4% vänster/51.6% höger","0.0","398","Nej","00:02:28.9","1","00:02:28.9","00:02:28.9","152","167"
Löpning,2023-09-02 16:16:30,false,"Borås Löpning","9.00","983","00:54:45","177","196","4.4","167","173","6:05","5:11","27","57","0.99","7.2","7.3","267","48.7% vänster/51.3% höger","0.0","9,038","Nej","00:00:01.7","10","00:54:43","00:54:48","131","167"
Löpning,2023-08-30 19:44:50,false,"Borås Nedvarvning ","3.40","374","00:26:55","154","170","2.2","159","166","7:55","7:21","16","17","0.79","7.8","6.3","336","49.3% vänster/50.7% höger","0.0","4,236","Nej","00:03:06.0","4","00:26:48","00:26:55","132","148"
Löpning,2023-08-30 19:13:40,false,"Borås - 5 Strides","4.00","428","00:30:31","148","184","2.5","144","218","7:38","2:26","23","52","0.89","7.9","7.0","283","48.5% vänster/51.5% höger","0.0","4,338","Nej","00:00:03.7","13","00:29:48","00:30:31","130","167"
