Activity Type;Date;Favorite;Title;Distance;Calories;Time;Avg HR;Max HR;Aerobic TE;Avg Run Cadence;Max Run Cadence;Avg Pace;Best Pace;Total Ascent;Total Descent;Avg Stride Length;Avg Vertical Ratio;Avg Vertical Oscillation;Avg Ground Contact Time;Avg GAP;Avg Run Cadence;Max Run Cadence;Normalized Power¬Æ (NP¬Æ);L/R Balance;Training Stress Score¬Æ;Max Avg Power (20 min);Avg Power;Max Power;Total Strokes;Steps;Body Battery Drain;Decompression;Best Lap Time;Number of Laps;Avg Resp;Min Resp;Max Resp;Moving Time;Elapsed Time;Min Elevation;Max Elevation
Running;2026-03-10 07:13;FALSE;Kungsbacka - Threshold;8.86;616;00:42:02;152;179;3.9;167;184;04:45;03:39;84;72;1.26;7.9;9.8;257;04:41;--;--;401;--;0.0;--;384;586;--;6,97;-15;No;00:00:02.0;13;--;--;--;00:41:57;00:42:09;10;39
Treadmill Running;2026-03-09 16:10;FALSE;Recovery;3.45;183;00:22:02;114;125;0.9;152;167;06:23;04:48;--;--;1.27;8.5;10.8;291;--;--;--;340;--;0.0;--;335;382;--;3,304;-3;No;00:00:01.9;6;--;--;--;00:21:33;00:22:52;--;--
Running;2026-03-08 14:29;FALSE;Kungsbacka - Base;9.02;627;00:46:27;140;157;3.2;162;179;05:09;04:32;76;72;1.20;8.3;9.9;271;05:07;--;--;365;--;0.0;--;359;555;--;7,52;-14;No;00:01:46.8;10;--;--;--;00:46:25;00:46:27;3;38
Running;2026-03-07 08:19;FALSE;Kungsbacka - Base;7.64;522;00:40:03;136;155;3.0;165;176;05:14;04:44;64;62;1.16;8.3;9.6;267;05:12;--;--;355;--;0.0;--;347;502;--;6,598;-13;No;00:00:02.7;9;--;--;--;00:39:58;00:40:13;6;38
Running;2026-03-06 14:52;FALSE;Kungsbacka - Threshold;8.04;562;00:38:04;157;180;3.9;164;180;04:44;03:19;81;83;1.28;7.9;10.0;259;04:41;--;--;401;--;0.0;--;383;631;--;6,256;-11;No;00:00:04.2;10;--;--;--;00:37:59;00:39:13;12;40
Running;2026-03-04 16:44;FALSE;Kungsbacka - Base;10.13;685;00:53:03;140;164;3.3;161;172;05:14;04:44;73;70;1.19;8.4;10.0;274;05:13;--;--;348;--;0.0;--;344;465;--;8,504;-12;No;00:00:02.7;12;--;--;--;00:52:59;00:53:58;5;37
Treadmill Running;2026-03-03 19:52;FALSE;Sprint;8.26;500;00:44:13;136;162;2.8;157;197;05:21;03:26;--;--;1.21;8.5;10.2;280;--;--;--;323;--;0.0;--;319;489;--;6,892;-9;No;00:00:03.3;19;--;--;--;00:43:36;00:45:18;--;--
Treadmill Running;2026-03-01 12:41;FALSE;Base;8.05;447;00:42:49;131;144;2.3;159;167;05:19;04:49;--;--;1.19;8.5;10.2;279;--;--;--;323;--;0.0;--;319;373;--;6,776;-7;No;00:02:38.7;9;--;--;--;00:42:27;00:42:49;--;--
Running;2026-02-28 08:10;FALSE;Kungsbacka - Base;7.62;530;00:40:02;142;163;3.2;163;175;05:15;04:44;67;62;1.16;8.4;9.8;271;05:14;--;--;350;--;0.0;--;343;487;--;6,518;-14;No;00:00:02.1;9;--;--;--;00:40:00;00:40:02;7;37
Virtual Cycling;2026-02-27 17:33;FALSE;Zwift - Strength Endurance   REV for :15 seconds;18.08;389;00:43:42;120;146;2.2;--;--;24.8;77.7;305;--;--;--;--;--;--;69;117;169;--;0.0;179;155;332;--;--;--;No;00:00:15;18;--;--;--;00:43:36;00:44:32;57;185
Treadmill Running;2026-02-26 17:13;FALSE;Base;5.72;341;00:30:01;133;146;2.3;161;167;05:15;04:37;--;--;1.19;8.4;10.0;273;--;--;--;329;--;0.0;--;327;386;--;4,836;-6;No;00:00:01.1;7;--;--;--;00:29:50;00:30:01;--;--
Running;2026-02-25 19:39;FALSE;Kungsbacka - VO2 Max;9.05;635;00:44:07;152;183;3.8;163;181;04:52;03:05;76;72;1.25;8.1;9.9;264;04:51;--;--;412;--;0.0;--;386;573;--;7,168;--;No;00:00:04.9;15;--;--;--;00:43:56;00:45:13;6;34
Treadmill Running;2026-02-24 06:32;FALSE;Recovery;3.50;189;00:22:01;116;128;1.0;156;160;06:17;04:52;--;--;1.21;8.6;10.3;285;--;--;--;333;--;0.0;--;329;379;--;3,402;-5;No;00:00:01.0;6;--;--;--;00:22:00;00:22:01;--;--
Running;2026-02-23 16:54;FALSE;Kungsbacka - Base;5.70;411;00:30:02;142;164;3.0;159;171;05:16;04:39;43;38;1.19;8.5;10.1;278;05:16;--;--;351;--;0.0;--;344;485;--;4,766;-6;No;00:00:02.0;7;--;--;--;00:29:58;00:30:09;13;31
Treadmill Running;2026-02-22 17:37;FALSE;Base;7.40;410;00:40:05;128;147;2.2;157;167;05:25;04:41;--;--;1.01;9.2;9.3;291;--;--;--;279;--;0.0;--;273;398;--;6,272;-5;No;00:00:05.1;8;--;--;--;00:39:18;00:46:59;--;--
Virtual Cycling;2026-02-17 05:50;FALSE;Zwift - 20-40 s on Ocean Lava Cliffside Loop in Watopia;18.49;354;00:41:18;118;151;2.4;--;--;26.9;70.8;153;--;--;--;--;--;--;78;107;193;--;0.0;165;149;502;--;--;--;No;00:00:17;47;--;--;--;00:41:13;00:41:17;-6;100
Virtual Cycling;2026-02-14 07:58;FALSE;Zwift - INEOS Grenadiers Virtual Training Camp | The Geoghegan Hart on 2015 Worlds Course in Richmond;20.35;395;00:42:56;137;169;2.9;--;--;28.4;65.7;178;--;--;--;--;--;--;85;108;187;--;0.0;198;160;313;--;--;--;No;00:00:27;18;--;--;--;00:42:47;00:43:04;4;65
Virtual Cycling;2026-02-13 21:10;FALSE;Zwift - Le Col - Training With Legends - Dame Sarah Storey - Up And Over on Tempus Fugit in Watopia;21.42;376;00:36:58;137;167;2.8;--;--;34.8;47.4;32;--;--;--;--;--;--;78;102;205;--;0.0;204;178;383;--;--;--;No;00:00:17;33;--;--;--;00:36:57;00:38:17;13;18
Virtual Cycling;2026-02-09 20:24;FALSE;Zwift - Anaerobic Capacity 1min & 2min on Ocean Lava Cliffside Loop in Watopia;26.59;480;00:55:30;126;165;2.8;--;--;28.7;69.5;194;--;--;--;--;--;--;80;105;189;--;0.0;180;151;372;--;--;--;No;00:01:00;25;--;--;--;00:55:21;00:58:04;-6;100
Running;2026-02-07 07:57;FALSE;Kungsbacka Running;10.02;752;00:51:46;160;174;4.2;167;236;05:10;04:33;75;65;1.16;8.1;9.5;262;05:08;--;--;341;--;0.0;--;335;433;--;8,632;-17;No;00:00:05.0;11;--;--;--;00:51:39;00:53:38;6;34
Running;2026-02-04 15:51;FALSE;Kungsbacka Running;10.02;681;00:44:39;164;181;4.6;168;179;04:27;03:22;98;75;1.33;7.6;10.1;249;04:26;--;--;400;--;0.0;--;394;563;--;7,542;-9;No;00:00:05.0;11;--;--;--;00:44:31;00:45:59;2;42
Running;2026-01-31 21:17;FALSE;Kungsbacka Running;10.01;657;00:51:04;141;160;3.4;162;170;05:06;04:15;122;103;1.21;8.3;10.0;268;05:02;--;--;354;--;0.0;--;347;500;--;8,282;-9;No;00:00:06.8;11;--;--;--;00:51:01;00:51:37;3;33
Running;2026-01-29 21:46;FALSE;Kungsbacka Running;10.01;659;00:50:38;144;164;3.5;161;171;05:04;04:27;71;67;1.23;8.3;10.2;271;05:02;--;--;356;--;0.0;--;351;501;--;8,14;-10;No;00:00:02.0;11;--;--;--;00:50:34;00:50:51;9;34
Running;2026-01-26 15:52;FALSE;Kungsbacka Running;6.02;426;00:30:31;149;169;3.4;167;180;05:04;04:25;43;41;1.19;8.1;9.6;262;05:02;--;--;363;--;0.0;--;355;546;--;5,07;-6;No;00:00:08.6;7;--;--;--;00:30:30;00:30:31;12;33
Running;2026-01-14 17:19;FALSE;Ko Pha-Ngan Running;10.02;836;00:56:29;165;188;4.4;155;223;05:38;04:01;250;256;1.16;8.5;9.6;277;05:08;--;--;354;--;0.0;--;334;588;--;8,774;-19;No;00:00:09.7;11;--;--;--;00:56:06;01:05:34;5;164
Virtual Cycling;2026-01-07 11:37;FALSE;Zwift - Escalation on The Highline in New York;40.82;909;01:38:05;146;184;3.4;--;--;25.0;72.6;697;--;--;--;--;--;--;84;116;187;--;0.0;181;161;444;--;--;--;No;00:00:30;68;--;--;--;01:38:01;01:44:35;89;185
Running;2025-12-31 14:54;FALSE;Partille Running;8.02;553;00:34:51;169;187;4.4;168;181;04:21;03:36;36;31;1.37;7.5;10.2;247;04:21;--;--;412;--;0.0;--;408;522;--;5,828;-10;No;00:00:05.7;9;--;--;--;00:34:47;00:34:51;12;31
Running;2025-12-27 08:07;FALSE;Kungsbacka Running;10.02;681;00:52:45;142;162;3.3;163;243;05:16;04:52;71;68;1.17;8.4;9.8;271;05:14;--;--;353;--;0.0;--;349;475;--;8,602;-17;No;00:00:09.5;11;--;--;--;00:52:42;00:52:45;8;36
Virtual Cycling;2025-12-24 11:04;FALSE;Zwift - VO2 Max - 4x3 Ramps on 2018 Worlds Short Lap in Innsbruck;9.91;368;00:41:59;134;180;2.9;--;--;14.2;39.5;380;--;--;--;--;--;--;83;122;193;--;0.0;184;153;607;--;--;--;No;00:00:10;22;--;--;--;00:41:45;00:42:13;280;649
Running;2025-12-22 21:48;FALSE;Kungsbacka Running;15.01;1,045;01:20:43;144;162;3.7;159;194;05:23;04:43;100;92;1.18;8.5;10.0;277;05:19;--;--;343;--;0.0;--;337;501;--;12,792;-16;No;00:00:09.1;16;--;--;--;01:20:29;01:22:25;4;36
Virtual Cycling;2025-12-20 16:48;FALSE;Zwift - Waisted 8 in Watopia;31.05;576;00:55:45;144;177;3.1;--;--;33.4;54.7;144;--;--;--;--;--;--;82;114;191;--;0.0;198;180;748;--;--;--;No;00:55:45;1;--;--;--;00:55:40;00:55:44;-6;43
Running;2025-12-17 16:25;FALSE;Paris Running;10.02;646;00:58:33;126;149;3.1;146;171;05:51;03:49;27;64;1.15;8.5;9.7;277;05:54;--;--;304;--;0.0;--;291;512;--;8,754;-20;No;00:00:06.4;11;--;--;--;00:55:27;01:25:31;36;75
Virtual Cycling;2025-12-13 15:18;FALSE;Zwift - AC Intervals #1 on 2019 Worlds Harrogate Circuit in Yorkshire;22.01;486;00:57:10;135;174;3.0;--;--;23.1;84.8;396;--;--;--;--;--;--;76;124;192;--;0.0;177;148;612;--;--;--;No;00:00:08;33;--;--;--;00:56:56;00:58:02;97;183
Running;2025-12-10 08:52;FALSE;Quepos Running;10.02;813;00:56:54;161;186;4.0;152;171;05:41;03:53;192;198;1.15;8.4;9.6;278;05:23;--;--;334;--;0.0;--;319;507;--;8,706;-20;No;00:00:05.1;11;--;--;--;00:56:43;01:12:22;10;165
Running;2025-12-02 16:32;FALSE;Cobano Running;10.01;768;00:56:25;154;188;3.8;155;205;05:38;04:02;108;132;1.14;8.8;10.0;286;05:29;--;--;329;--;0.0;--;322;520;--;8,746;-15;No;00:00:05.3;11;--;--;--;00:56:15;01:38:11;15;109
Running;2025-11-28 09:04;FALSE;Cobano Running;10.01;718;00:48:25;160;185;4.4;161;172;04:50;04:05;49;50;1.28;8.1;10.3;265;04:50;--;--;369;--;0.0;--;368;470;--;7,784;-14;No;00:00:01.9;11;--;--;--;00:48:16;00:49:38;14;26
Running;2025-11-25 15:20;FALSE;Cobano Running;10.01;730;00:51:39;160;180;4.1;159;172;05:10;04:08;63;54;1.22;8.4;10.2;275;05:09;--;--;348;--;0.0;--;346;488;--;8,182;-11;No;00:00:02.0;11;--;--;--;00:51:32;00:56:08;12;31
Hiking;2025-11-21 06:04;FALSE;Machu Picchu Hiking;1.84;469;00:50:20;131;155;2.4;48;160;27:22:00;08:12;418;--;0.76;--;--;--;--;--;--;--;--;0.0;--;--;--;--;2,902;-7;No;00:50:20;1;--;--;--;00:26:54;00:50:20;2,246;2,669
Hiking;2025-11-20 09:42;FALSE;Machu Picchu Hiking;9.42;645;02:09:25;100;131;0.8;85;195;13:44;06:55;244;16;0.85;--;--;--;--;--;--;--;--;0.0;--;--;--;--;11,626;-8;No;02:09:25;1;--;--;--;01:51:15;02:39:47;1,851;2,088
Hiking;2025-11-19 18:36;FALSE;Santa Teresa Hiking;2.61;212;00:34:30;105;132;0.7;97;224;13:12;09:18;161;10;0.78;--;--;--;--;--;--;--;--;0.0;--;--;--;--;3,458;-2;No;00:34:30;1;--;--;--;00:33:42;00:45:00;1,403;1,562
Hiking;2025-11-19 14:08;FALSE;Santa Teresa Hiking;6.00;594;01:59:34;101;144;0.8;61;240;19:55;06:08;259;177;0.82;--;--;--;--;--;--;--;--;0.0;--;--;--;--;8,456;-8;No;01:59:34;1;--;--;--;01:19:16;02:54:40;1,306;1,462
Hiking;2025-11-19 08:51;FALSE;Santa Teresa Hiking;5.10;434;01:23:25;100;146;1.0;86;244;16:21;05:10;205;392;0.71;--;--;--;--;--;--;--;--;0.0;--;--;--;--;8,1;-17;No;01:23:25;1;--;--;--;01:10:04;03:30:27;1,336;1,682
Hiking;2025-11-18 17:29;FALSE;Santa Teresa Hiking;0.62;97;00:14:11;109;138;0.6;70;158;22:54;06:40;127;--;0.62;--;--;--;--;--;--;--;--;0.0;--;--;--;--;1,11;-3;No;00:14:11;1;--;--;--;00:11:03;00:43:11;1,338;1,489
Running;2025-11-17 13:04;FALSE;Wanchaq Running;10.02;761;00:56:27;150;171;3.5;152;231;05:38;03:21;116;77;1.16;8.5;9.8;279;05:30;--;--;331;--;0.0;--;323;713;--;8,75;-16;No;00:00:10.0;11;--;--;--;00:55:49;01:06:20;3,322;3,385
Running;2025-11-15 15:50;FALSE;Barranco Running;10.02;713;00:48:33;157;177;4.1;162;177;04:51;03:01;49;45;1.27;7.9;10.1;261;04:48;--;--;380;--;0.0;--;374;650;--;7,896;-9;No;00:00:06.4;11;--;--;--;00:48:23;00:50:53;69;91
Running;2025-11-14 07:23;FALSE;Barranco Running;10.01;718;00:53:51;147;174;3.6;159;184;05:23;03:44;85;74;1.17;8.5;9.8;273;05:15;--;--;341;--;0.0;--;336;525;--;8,634;-14;No;00:00:02.8;11;--;--;--;00:53:39;00:59:04;11;83
Running;2025-11-08 19:01;FALSE;Kungsbacka Running;10.00;731;00:45:24;170;187;4.5;166;183;04:32;03:51;69;66;1.33;7.7;10.2;254;04:31;--;--;408;--;0.0;--;403;581;--;7,494;-8;No;00:00:01.1;11;--;--;--;00:45:23;00:45:24;9;35
Virtual Cycling;2025-11-06 20:25;FALSE;Zwift - 6x2 VO2 Max on The Highline in New York;25.29;547;01:02:32;139;183;3.3;--;--;24.3;69.8;420;--;--;--;--;--;--;78;119;194;--;0.0;191;152;355;--;--;--;No;00:00:30;35;--;--;--;01:02:14;01:02:34;89;185
Virtual Cycling;2025-11-03 20:31;FALSE;Zwift - Tempo with accelerations #1 on Roule Ma Poule in France;24.48;485;00:52:23;138;173;2.9;--;--;28.0;58.2;192;--;--;--;--;--;--;84;112;186;--;0.0;185;161;461;--;--;--;No;00:00:12;23;--;--;--;00:52:15;00:52:25;10;121
Running;2025-11-01 14:48;FALSE;Kungsbacka Running;15.01;1,102;01:16:45;155;176;4.0;163;181;05:07;04:24;115;110;1.20;8.2;9.8;267;05:06;--;--;377;--;0.0;--;369;502;--;12,496;-15;No;00:00:03.8;16;--;--;--;01:16:32;01:17:24;5;38
Virtual Cycling;2025-10-31 15:24;FALSE;Zwift - Sweet Spot on Lutscher in Innsbruck;18.53;510;00:55:28;139;164;3.0;--;--;20.0;83.6;477;--;--;--;--;--;--;88;114;180;--;0.0;198;160;325;--;--;--;No;00:00:09;22;--;--;--;00:55:19;00:57:28;280;696
Running;2025-10-28 10:44;FALSE;Kungsbacka Running;10.01;703;00:50:19;149;172;3.5;164;174;05:02;04:31;68;67;1.21;8.1;9.9;266;05:00;--;--;363;--;0.0;--;357;496;--;8,226;-13;No;00:00:02.5;11;--;--;--;00:50:15;00:52:49;4;36
Running;2025-10-25 08:20;FALSE;Kungsbacka Running;10.01;683;00:50:11;145;163;3.3;164;176;05:01;04:32;83;77;1.22;8.1;9.9;266;04:59;--;--;365;--;0.0;--;360;529;--;8,204;--;No;00:00:02.4;11;--;--;--;00:50:07;00:50:11;9;36
Virtual Cycling;2025-10-24 13:21;FALSE;Zwift - AC Maintenance #1 on Roule Ma Poule in France;26.32;568;00:58:28;142;165;3.0;--;--;27.0;59.8;263;--;--;--;--;--;--;86;116;189;--;0.0;188;169;364;--;--;--;No;00:00:44;20;--;--;--;00:58:27;00:58:27;10;121
Running;2025-10-23 08:11;FALSE;Paris Running;10.01;705;00:44:53;166;184;4.5;164;200;04:29;03:08;85;95;1.36;7.5;10.2;250;04:27;--;--;416;--;0.0;--;410;634;--;7,44;--;No;00:00:02.3;11;--;--;--;00:44:35;00:49:34;43;88
Running;2025-10-20 09:47;FALSE;Paris Running;10.01;665;00:45:42;155;185;3.8;163;212;04:34;03:16;60;59;1.34;7.7;10.2;254;04:33;--;--;414;--;0.0;--;410;665;--;7,45;-17;No;00:00:02.6;11;--;--;--;00:45:29;01:02:36;42;80
Running;2025-10-16 12:34;FALSE;Kungsbacka - VO2 Max;8.68;626;00:42:02;163;189;4.2;165;186;04:50;03:28;65;63;1.25;8.1;9.9;262;04:48;--;--;406;--;0.0;--;383;592;--;6,868;-15;No;00:00:00.6;16;--;--;--;00:41:57;00:42:33;8;34
Running;2025-10-13 19:29;FALSE;Kungsbacka Running;10.01;689;00:52:23;145;163;3.3;163;174;05:14;04:33;59;62;1.17;8.3;9.7;270;05:13;--;--;349;--;0.0;--;345;487;--;8,526;-12;No;00:00:03.4;11;--;--;--;00:52:20;00:52:44;9;37
Running;2025-10-08 19:27;FALSE;Kungsbacka Running;10.00;717;00:53:14;149;163;3.4;161;176;05:19;04:19;71;69;1.17;8.5;9.9;277;05:17;--;--;354;--;0.0;--;349;496;--;8,526;-10;No;00:00:01.2;11;--;--;--;00:53:12;00:53:14;8;36
Virtual Cycling;2025-10-06 21:31;FALSE;Zwift - INEOS Grenadiers Virtual Training Camp | The Ganna on The Highline in New York;19.27;441;00:45:15;145;179;3.1;--;--;25.5;71.2;338;--;--;--;--;--;--;85;114;202;--;0.0;192;170;377;--;--;--;No;00:00:04;18;--;--;--;00:45:10;00:45:14;36;133
Virtual Cycling;2025-10-05 13:24;FALSE;Zwift - Threshold #6 on 2018 Worlds Short Lap in Innsbruck;23.94;605;01:02:47;141;171;3.2;--;--;22.9;84.0;495;--;--;--;--;--;--;85;133;193;--;0.0;195;168;436;--;--;--;No;00:00:10;35;--;--;--;01:02:29;01:05:21;279;696
Running;2025-10-04 18:40;FALSE;Kungsbacka Running;10.00;683;00:44:13;168;182;4.8;166;176;04:25;03:51;75;71;1.37;7.6;10.4;252;04:24;--;--;419;--;0.0;--;414;566;--;7,292;-9;No;00:00:01.5;11;--;--;--;00:44:11;00:44:13;5;38
Running;2025-10-01 12:31;FALSE;Kungsbacka Running;10.01;710;00:48:36;160;180;4.3;163;174;04:51;04:05;75;68;1.26;8.1;10.1;264;04:50;--;--;376;--;0.0;--;369;509;--;7,886;-13;No;00:00:01.2;11;--;--;--;00:48:34;00:50:03;5;35
Running;2025-09-24 12:45;FALSE;Kungsbacka Running;15.01;1,082;01:21:26;150;172;3.7;160;190;05:26;04:00;97;95;1.15;8.6;9.9;279;05:25;--;--;338;--;0.0;--;334;483;--;13,01;-21;No;00:00:02.7;16;--;--;--;01:21:20;01:22:30;4;38
Virtual Cycling;2025-09-23 20:27;FALSE;Zwift - Power Intervals #1 on Knickerbocker in New York;24.85;513;00:57:29;141;184;3.2;--;--;25.9;73.0;391;--;--;--;--;--;--;74;118;206;--;0.0;185;156;440;--;--;--;No;00:00:30;31;--;--;--;00:57:21;00:57:52;4;133
Running;2025-09-18 13:03;FALSE;Kungsbacka Running;15.00;1,058;01:20:48;146;167;3.6;160;176;05:23;04:36;90;82;1.16;8.5;9.9;278;05:22;--;--;339;--;0.0;--;336;492;--;12,922;-20;No;00:00:01.1;16;--;--;--;01:20:46;01:20:48;4;34
Virtual Cycling;2025-09-16 20:25;FALSE;Zwift - FTP Test [Standard] on Knickerbocker in New York;19.76;460;00:45:17;146;182;3.4;--;--;26.2;71.8;341;--;--;--;--;--;--;80;112;208;--;0.0;236;177;421;--;--;--;No;00:00:14;11;--;--;--;00:45:08;00:45:17;4;133
Running;2025-09-14 17:30;FALSE;Kungsbacka Running;10.01;705;00:50:48;151;173;3.6;162;172;05:05;04:16;64;66;1.21;8.2;9.9;268;05:05;--;--;364;--;0.0;--;359;501;--;8,234;-6;No;00:00:01.6;11;--;--;--;00:50:43;00:51:44;5;37
Running;2025-09-11 12:21;FALSE;Kungsbacka Running;8.00;546;00:43:00;137;159;2.9;164;175;05:22;04:47;58;57;1.14;8.4;9.6;271;05:20;--;--;349;--;0.0;--;344;460;--;7,03;-11;No;00:00:01.6;9;--;--;--;00:42:58;00:43:00;6;34
Running;2025-09-10 10:51;FALSE;Kungsbacka Running;10.01;764;00:49:33;170;185;4.5;161;179;04:57;04:18;81;78;1.24;8.1;10.1;266;04:54;--;--;380;--;0.0;--;372;533;--;8,038;-14;No;00:00:02.6;11;--;--;--;00:49:29;00:49:45;6;36
Running;2025-09-06 19:18;FALSE;Kungsbacka Running;10.00;700;00:42:34;174;191;5.0;168;177;04:15;03:34;58;53;1.41;7.3;10.3;245;04:14;--;--;437;--;0.0;--;434;640;--;7,092;-10;No;00:00:01.2;11;--;--;--;00:42:30;00:43:14;4;29
Running;2025-09-03 14:11;FALSE;Kungsbacka Running;10.01;728;00:54:05;147;169;3.4;161;171;05:24;04:46;72;67;1.15;8.5;9.8;277;05:24;--;--;354;--;0.0;--;349;468;--;8,67;-12;No;00:00:01.4;11;--;--;--;00:53:58;00:54:28;5;38
Cycling;2025-09-02 18:31;FALSE;Kungsbacka Cycling;30.03;858;01:01:36;144;162;3.2;--;--;29.3;54.1;217;209;--;--;--;--;--;81;118;221;52% L / 48% R;71.8;217;207;572;4905;--;-12;No;00:00:04.5;7;33;21;41;01:01:34;01:01:36;3;41
Running;2025-08-31 10:27;FALSE;Kungsbacka Running;10.01;742;00:45:41;175;197;5.0;165;187;04:34;03:39;75;71;1.33;7.7;10.2;255;04:32;--;--;403;--;0.0;--;393;562;--;7,52;-15;No;00:00:01.5;11;--;--;--;00:45:37;00:46:13;6;36
Running;2025-08-28 18:29;FALSE;Kungsbacka Running;10.56;752;00:53:36;152;174;3.7;161;174;05:05;04:06;66;79;1.22;8.3;10.1;272;05:05;--;--;357;--;0.0;--;354;570;--;8,598;-11;No;00:02:43.6;11;--;--;--;00:53:28;00:54:54;7;37
Running;2025-08-22 20:41;FALSE;Kungsbacka Running;10.01;688;00:49:46;149;170;3.5;164;176;04:58;04:12;73;66;1.23;8.1;9.9;264;04:56;--;--;371;--;0.0;--;369;485;--;8,136;-10;No;00:00:04.0;11;--;--;--;00:49:42;00:51:32;6;37
Cycling;2025-08-19 21:07;FALSE;Kungsbacka Cycling;30.01;871;01:01:54;154;177;3.8;--;--;29.1;51.9;223;227;--;--;--;--;--;78;114;228;51% L / 49% R;74.4;223;210;597;4713;--;-11;No;00:00:01.2;7;34;22;43;01:01:53;01:01:54;3;42
Running;2025-08-16 17:49;FALSE;Kungsbacka Running;10.01;682;00:46:18;156;190;4.0;166;179;04:37;03:26;67;65;1.30;7.8;10.1;255;04:38;--;--;396;--;0.0;--;389;541;--;7,674;--;No;00:00:02.5;11;--;--;--;00:46:12;00:59:18;5;38
Running;2025-08-12 18:53;FALSE;Kungsbacka Running;10.00;696;00:50:42;149;167;3.5;163;176;05:04;04:15;73;72;1.20;8.2;9.8;266;05:03;--;--;362;--;0.0;--;356;511;--;8,298;-9;No;00:00:01.6;11;--;--;--;00:50:39;00:51:33;5;35
Cycling;2025-08-11 19:05;FALSE;Kungsbacka Cycling;30.01;764;01:08:21;124;145;2.5;--;--;26.3;47.8;202;198;--;--;--;--;--;79;108;173;52% L / 48% R;47.6;169;161;434;5293;--;-10;No;00:00:02.2;7;29;20;44;01:08:09;01:15:05;5;37
Running;2025-08-10 18:21;FALSE;Kungsbacka Running;10.01;691;00:51:44;146;168;3.3;163;176;05:10;04:38;79;72;1.18;8.3;9.8;269;05:09;--;--;358;--;0.0;--;353;499;--;8,418;-3;No;00:00:01.7;11;--;--;--;00:51:41;00:53:27;2;37
Cycling;2025-08-08 18:07;FALSE;Kungsbacka Cycling;30.02;856;01:00:47;152;171;3.3;--;--;29.6;46.1;211;211;--;--;--;--;--;82;112;223;51% L / 49% R;68.5;222;210;621;4852;--;-12;No;00:00:03.6;7;33;24;42;01:00:12;01:01:04;3;34
Running;2025-08-06 08:16;FALSE;Kungsbacka Running;10.01;723;00:47:41;165;191;4.3;166;177;04:46;03:37;104;104;1.27;7.9;10.0;259;04:43;--;--;402;--;0.0;--;392;641;--;7,862;-13;No;00:00:04.0;11;--;--;--;00:47:39;00:47:41;6;35
Running;2025-08-02 16:49;FALSE;Kungsbacka Running;15.00;1,07;01:19:48;149;170;3.6;163;176;05:19;04:47;76;76;1.15;8.4;9.7;272;05:19;--;--;381;--;0.0;--;349;3,394;--;12,948;-14;No;00:00:01.3;16;--;--;--;01:19:42;01:26:33;5;34
Cycling;2025-07-27 15:57;FALSE;Kungsbacka Cycling;30.02;853;01:01:13;141;166;3.1;--;--;29.4;49.0;194;185;--;--;--;--;--;85;108;220;51% L / 49% R;67.4;214;207;548;5155;--;-8;No;00:00:02.2;7;31;20;45;01:01:12;01:01:13;2;35
Running;2025-07-26 17:39;FALSE;Kungsbacka Running;10.01;693;00:47:07;157;183;4.0;165;177;04:42;03:45;67;73;1.29;7.8;10.1;258;04:41;--;--;401;--;0.0;--;393;629;--;7,754;--;No;00:00:01.6;11;--;--;--;00:47:02;00:47:56;11;36
Running;2025-07-21 15:36;FALSE;Partille Running;10.00;703;00:45:40;169;192;4.3;167;183;04:34;03:31;41;48;1.31;7.7;10.0;253;04:35;--;--;393;--;0.0;--;390;505;--;7,616;-9;No;00:00:00.9;11;--;--;--;00:45:38;00:45:40;8;32
Cycling;2025-07-19 16:56;FALSE;Kungsbacka Cycling;25.01;707;00:49:06;154;171;3.3;--;--;30.6;47.3;167;164;--;--;--;--;--;86;109;229;52% L / 48% R;61.4;222;215;519;4153;--;-8;No;00:00:03.3;6;35;19;43;00:49:04;00:49:06;4;36
Running;2025-07-18 16:27;FALSE;Kungsbacka Running;10.01;710;00:46:56;166;188;4.2;165;176;04:41;04:01;65;68;1.29;7.8;10.1;258;04:41;--;--;386;--;0.0;--;382;477;--;7,726;-10;No;00:00:01.4;11;--;--;--;00:46:52;00:47:28;6;37
Cycling;2025-07-17 15:20;FALSE;Kungsbacka Cycling;30.01;825;00:58:48;151;170;3.3;--;--;30.6;49.9;142;155;--;--;--;--;--;87;113;220;52% L / 48% R;67.7;217;208;684;5087;--;-13;No;00:00:01.4;7;33;19;43;00:58:44;01:13:55;1;36
Running;2025-07-14 18:10;FALSE;Kungsbacka - Threshold;10.64;761;00:48:02;171;191;4.6;167;179;04:31;03:24;59;55;1.32;7.6;10.0;251;04:31;--;--;406;--;0.0;--;400;527;--;7,998;-14;No;00:00:01.7;12;--;--;--;00:47:56;00:50:42;6;37
Cycling;2025-07-13 18:44;FALSE;Kungsbacka Cycling;30.00;781;01:11:04;123;138;2.5;--;--;25.3;44.7;169;174;--;--;--;--;--;81;107;170;53% L / 47% R;48.7;168;158;393;5688;--;-2;No;00:00:01.2;7;29;19;45;01:11:02;01:11:53;4;36
Running;2025-07-12 20:04;FALSE;Kungsbacka Running;10.01;702;00:49:45;153;174;3.6;163;173;04:58;04:10;66;66;1.23;8.1;10.0;266;04:58;--;--;368;--;0.0;--;365;512;--;8,168;--;No;00:00:01.5;11;--;--;--;00:49:37;00:51:34;9;35
Cycling;2025-07-08 12:34;FALSE;Kungsbacka Cycling;40.02;1,177;01:30:20;144;164;3.6;--;--;26.6;53.6;241;237;--;--;--;--;--;82;121;212;53% L / 47% R;96.5;212;192;823;7241;--;-19;No;00:00:02.1;9;31;20;47;01:30:02;01:37:33;2;47
Running;2025-07-07 21:03;FALSE;Kungsbacka Running;10.01;711;00:48:57;158;177;3.8;166;177;04:54;01:02;72;72;1.24;8.0;9.9;261;04:52;--;--;377;--;0.0;--;372;2,394;--;8,094;-9;No;00:00:01.9;11;--;--;--;00:48:53;00:48:57;6;38
Running;2025-07-06 19:35;FALSE;Kungsbacka Running;10.00;722;00:50:47;155;175;3.7;163;176;05:05;04:23;71;68;1.20;8.2;9.8;267;05:04;--;--;366;--;0.0;--;362;516;--;8,278;-8;No;00:00:00.5;11;--;--;--;00:50:45;00:50:47;8;37
Cycling;2025-07-02 14:25;FALSE;Kungsbacka Cycling;30.01;869;01:01:19;155;173;3.5;--;--;29.4;49.1;163;157;--;--;--;--;--;86;112;225;52% L / 48% R;70.9;230;211;510;5216;--;-14;No;00:00:02.0;7;36;22;50;01:01:17;01:01:19;5;38
Running;2025-06-30 21:34;FALSE;Kungsbacka Running;10.01;712;00:50:56;151;191;3.5;164;179;05:05;03:26;69;65;1.19;8.2;9.7;267;05:05;--;--;371;--;0.0;--;365;616;--;8,322;-8;No;00:00:01.4;11;--;--;--;00:50:52;00:53:43;10;36
Cycling;2025-06-28 18:47;FALSE;Kungsbacka Cycling;30.01;865;01:03:36;149;175;3.2;--;--;28.3;50.6;204;196;--;--;--;--;--;85;123;218;52% L / 48% R;69.0;223;201;744;5265;--;-10;No;00:00:02.1;7;32;20;46;01:03:30;01:05:46;2;38
Running;2025-06-27 19:39;FALSE;Kungsbacka Running;10.00;711;00:53:03;147;166;3.3;164;179;05:18;04:39;73;88;1.15;8.3;9.6;270;05:17;--;--;364;--;0.0;--;360;470;--;8,678;-10;No;00:00:03.2;11;--;--;--;00:52:58;00:53:03;6;39
Running;2025-06-24 20:02;FALSE;Kungsbacka Running;10.00;722;00:50:43;151;167;3.4;165;179;05:04;04:19;78;75;1.20;8.1;9.7;264;05:02;--;--;381;--;0.0;--;376;557;--;8,352;-10;No;00:00:00.9;11;--;--;--;00:50:39;01:06:08;11;38
Running;2025-06-22 19:17;FALSE;Kungsbacka Running;10.01;735;00:48:05;163;177;4.0;166;178;04:48;04:05;76;74;1.25;7.9;9.8;259;04:47;--;--;395;--;0.0;--;390;597;--;7,972;-1;No;00:00:01.5;11;--;--;--;00:48:02;00:48:05;11;38
Cycling;2025-06-21 16:42;FALSE;Kungsbacka Cycling;41.21;1,16;01:29:19;135;162;3.2;--;--;27.7;54.1;274;272;--;--;--;--;--;79;117;209;51% L / 49% R;92.3;207;191;607;6908;--;-12;No;00:02:29.8;9;31;13;42;01:29:17;01:34:16;4;53
Running;2025-06-16 11:29;FALSE;Kos Running;15.09;1,14;01:18:20;160;174;4.1;163;180;05:12;03:59;57;79;1.18;8.1;9.5;263;05:10;--;--;358;--;0.0;--;354;555;--;12,834;-21;No;00:00:49.3;16;--;--;--;01:17:39;01:34:56;1;61
Running;2025-06-14 14:42;FALSE;Kos Running;10.00;805;00:53:43;167;186;3.9;154;188;05:22;03:18;281;274;1.19;7.8;9.2;260;05:09;--;--;390;--;0.0;--;365;604;--;8,336;-11;No;00:00:01.0;11;--;--;--;00:52:24;01:16:34;60;332
Running;2025-06-12 14:46;FALSE;Kungsbacka Running;15.01;1,094;01:16:03;156;177;4.1;165;177;05:04;04:08;80;96;1.19;8.1;9.7;265;05:05;--;--;372;--;0.0;--;369;534;--;12,504;-17;No;00:00:01.7;16;--;--;--;01:15:58;01:16:21;6;38
Virtual Cycling;2025-06-10 20:41;FALSE;Zwift - Road to Sky in Watopia;18.15;935;01:19:51;155;183;3.7;--;--;13.6;54.7;1,059;--;--;--;--;--;--;72;116;213;--;0.0;224;204;450;--;--;--;No;01:19:51;1;--;--;--;01:19:35;01:21:39;7;1,047
Cycling;2025-06-08 17:43;FALSE;Kungsbacka Cycling;40.01;1,17;01:30:43;144;173;3.3;--;--;26.5;56.8;335;335;--;--;--;--;--;80;114;211;52% L / 48% R;92.6;218;189;662;7103;--;-7;No;00:00:01.4;9;30;20;41;01:30:40;01:40:42;3;48
Running;2025-06-06 16:59;FALSE;Kungsbacka Running;15.00;1,09;01:17:59;152;167;3.7;164;180;05:12;04:19;113;115;1.17;8.2;9.6;268;05:11;--;--;370;--;0.0;--;366;540;--;12,754;-16;No;00:00:01.5;16;--;--;--;01:17:56;01:17:59;4;35
Cycling;2025-06-04 15:36;FALSE;Kungsbacka Cycling;35.06;1,005;01:16:15;137;159;3.2;--;--;27.6;42.1;204;204;--;--;--;--;--;81;108;208;52% L / 48% R;79.0;218;194;592;6099;--;-14;No;00:00:06.4;8;30;20;39;01:16:05;01:16:17;2;37
Running;2025-06-02 12:24;FALSE;Kungsbacka Running;10.01;748;00:52:13;149;168;3.4;165;181;05:13;04:43;67;68;1.16;8.2;9.5;268;05:12;--;--;379;--;0.0;--;374;561;--;8,572;-13;No;00:00:01.6;11;--;--;--;00:52:11;00:52:13;10;35
Running;2025-05-31 18:39;FALSE;Kungsbacka Running;10.00;757;00:52:54;151;173;3.4;164;176;05:17;04:39;69;67;1.15;8.3;9.5;270;05:16;--;--;372;--;0.0;--;366;497;--;8,666;--;No;00:00:01.2;11;--;--;--;00:52:53;00:52:54;6;37
Running;2025-05-29 18:11;FALSE;Kungsbacka Running;15.00;1,107;01:22:25;148;166;3.6;161;178;05:30;04:37;84;80;1.14;8.5;9.7;279;05:29;--;--;349;--;0.0;--;346;533;--;13,22;-17;No;00:00:01.3;16;--;--;--;01:22:14;01:22:49;5;35
Virtual Cycling;2025-05-28 21:12;FALSE;Zwift - Cruise Intervals #1 on London 8 in London;24.06;475;00:54:40;128;153;2.5;--;--;26.4;77.3;298;--;--;--;--;--;--;81;99;167;--;0.0;179;151;301;--;--;--;No;00:00:10;44;--;--;--;00:54:36;00:54:39;3;156
Virtual Cycling;2025-05-27 17:38;FALSE;Thio Virtual Cycling;21.56;340;00:42:26;123;169;2.5;--;--;30.5;46.7;98;--;--;--;--;--;--;71;121;183;--;0.0;161;140;406;--;--;--;No;00:00:10;33;--;--;--;00:42:25;00:42:25;10;34
Virtual Cycling;2025-05-26 14:24;FALSE;Zwift - Road to Sky in Watopia;18.06;914;01:25:55;148;177;3.5;--;--;12.6;52.4;1,058;--;--;--;--;--;--;79;114;196;--;0.0;206;185;372;--;--;--;No;01:25:55;1;--;--;--;01:25:37;01:27:39;7;1,047
Running;2025-05-24 20:47;FALSE;Kungsbacka Running;10.00;759;00:48:42;163;182;4.2;164;187;04:52;03:38;69;69;1.26;7.9;10.0;264;04:50;--;--;395;--;0.0;--;389;576;--;7,94;--;No;00:00:01.2;11;--;--;--;00:48:40;00:48:42;11;37
Running;2025-05-22 19:52;FALSE;Kungsbacka Running;10.00;748;00:49:52;157;176;3.8;164;174;04:59;04:33;71;70;1.22;8.0;9.8;265;04:58;--;--;386;--;0.0;--;379;518;--;8,192;-11;No;00:00:01.6;11;--;--;--;00:49:51;00:49:52;6;38
Cycling;2025-05-20 14:03;FALSE;Kungsbacka Cycling;60.02;1,709;02:14:48;140;168;3.5;--;--;26.7;51.5;462;472;--;--;--;--;--;83;126;200;51% L / 49% R;114.2;209;186;501;11092;--;-28;No;00:00:03.1;13;30;19;46;02:14:44;02:58:29;3;53
Virtual Cycling;2025-05-19 20:11;FALSE;Zwift - SST (Short) on Ocean Lava Cliffside Loop in Watopia;25.13;499;00:50:12;139;162;2.6;--;--;30.0;67.8;193;--;--;--;--;--;--;89;99;182;--;0.0;193;173;263;--;--;--;No;00:00:11;11;--;--;--;00:50:07;00:50:11;-6;100
Virtual Cycling;2025-05-16 21:31;FALSE;Zwift - Over - Unders on Greater London Flat in London;17.74;306;00:33:19;136;166;2.3;--;--;31.9;48.0;72;--;--;--;--;--;--;84;100;180;--;0.0;191;160;282;--;--;--;No;00:00:18;17;--;--;--;00:33:18;00:33:18;11;31
Virtual Cycling;2025-05-15 14:37;FALSE;Zwift - Circus on Douce France in France;30.16;520;01:00:09;138;171;3.0;--;--;30.1;54.7;193;--;--;--;--;--;--;83;124;178;--;0.0;181;150;521;--;--;--;No;00:00:08;132;--;--;--;01:00:05;01:00:08;10;34
Running;2025-05-13 18:55;FALSE;Kungsbacka Running;10.01;746;00:44:37;171;187;4.7;165;177;04:28;03:34;111;78;1.36;7.6;10.2;253;04:28;--;--;435;--;0.0;--;430;623;--;7,36;--;No;00:00:01.3;11;--;--;--;00:44:34;00:44:37;9;37
Virtual Cycling;2025-05-11 16:01;FALSE;Zwift - LOX on London 8 in London;26.23;507;01:00:14;130;170;2.6;--;--;26.1;75.3;305;--;--;--;--;--;--;87;120;179;--;0.0;174;147;343;--;--;--;No;00:00:14;21;--;--;--;01:00:09;01:00:13;3;156
Virtual Cycling;2025-05-10 18:48;FALSE;Zwift - Grin And Bear It on Flat Route in Watopia;21.35;370;00:40:12;137;171;2.5;--;--;31.9;50.4;125;--;--;--;--;--;--;86;115;180;--;0.0;188;160;299;--;--;--;No;00:00:11;47;--;--;--;00:40:07;00:40:11;-6;23
Virtual Cycling;2025-05-09 07:15;FALSE;Zwift - VO2 Max - 4x3 Ramps on Douce France in France;20.24;331;00:41:16;123;167;2.3;--;--;29.4;47.2;130;--;--;--;--;--;--;79;120;176;--;0.0;168;140;414;--;--;--;No;00:00:01;23;--;--;--;00:41:15;00:41:15;10;34
Running;2025-05-06 09:05;FALSE;Rome Running;6.01;432;00:30:28;145;171;3.1;161;176;05:04;03:21;49;49;1.23;7.9;9.7;262;04:57;--;--;384;--;0.0;--;379;554;--;4,916;-12;No;00:00:02.1;7;--;--;--;00:30:16;00:39:43;31;67
Running;2025-05-03 08:32;FALSE;Rome Running;6.28;454;00:32:41;145;178;3.1;158;177;05:12;03:26;99;57;1.21;8.1;9.7;268;05:09;--;--;378;--;0.0;--;368;566;--;5,226;-12;No;00:01:24.0;7;--;--;--;00:32:16;00:39:44;26;54
Running;2025-04-26 16:58;FALSE;Kungsbacka Running;15.01;1,09;01:16:11;152;176;3.7;164;183;05:05;03:56;152;84;1.20;8.1;9.7;266;05:04;--;--;379;--;0.0;--;372;524;--;12,496;-14;No;00:00:02.1;16;--;--;--;01:16:07;01:30:30;5;36
Cycling;2025-04-24 19:31;FALSE;Kungsbacka Cycling;30.04;853;01:05:18;131;148;2.7;--;--;27.6;41.8;154;148;--;--;--;--;--;84;108;202;52% L / 48% R;56.3;203;192;422;5468;--;-11;No;00:00:05.4;7;30;17;46;01:05:16;01:11:53;3;35
Virtual Cycling;2025-04-23 20:00;FALSE;Zwift - FTP w/ Bursts on R.G.V. in France;28.47;487;00:53:28;131;164;2.7;--;--;32.0;50.0;131;--;--;--;--;--;--;79;96;181;--;0.0;210;159;323;--;--;--;No;00:00:10;34;--;--;--;00:53:24;00:53:27;10;34
Running;2025-04-22 19:35;FALSE;Kungsbacka Running;10.01;747;00:51:16;154;175;3.6;163;174;05:07;04:32;69;73;1.19;8.2;9.8;269;05:07;--;--;375;--;0.0;--;370;511;--;8,338;-9;No;00:00:02.3;11;--;--;--;00:51:13;00:51:16;7;38
Virtual Cycling;2025-04-21 15:39;FALSE;Zwift - Power Intervals #1 on Suki s Playground in Makuri Islands;25.77;479;00:56:09;129;175;2.7;--;--;27.5;56.1;218;--;--;--;--;--;--;75;96;192;--;0.0;174;148;366;--;--;--;No;00:00:01;32;--;--;--;00:56:04;00:56:08;65;140
Running;2025-04-18 14:50;FALSE;Kungsbacka Running;10.01;741;00:52:18;152;175;3.4;166;179;05:14;03:43;68;63;1.16;8.2;9.5;267;05:12;--;--;375;--;0.0;--;370;582;--;8,666;-12;No;00:00:02.2;11;--;--;--;00:52:14;00:52:18;6;38
Cycling;2025-04-17 15:07;FALSE;Kungsbacka Cycling;62.52;1,713;02:29:46;129;168;3.3;--;--;25.0;58.9;463;466;--;--;--;--;--;81;117;178;51% L / 49% R;0.0;187;165;430;11856;--;-21;No;00:06:43.4;13;28;13;41;02:29:42;02:36:53;2;52
Running;2025-04-16 20:08;FALSE;Kungsbacka Running;6.00;457;00:31:29;155;172;3.1;164;177;05:15;04:32;44;42;1.16;8.2;9.6;269;05:13;--;--;369;--;0.0;--;362;507;--;5,148;-10;No;00:00:01.6;7;--;--;--;00:31:25;00:31:32;15;34
Virtual Cycling;2025-04-15 19:58;FALSE;Zwift - VO2 Blast on Jungle Circuit in Watopia;18.28;382;00:45:18;125;160;2.4;--;--;24.2;51.4;178;--;--;--;--;--;--;76;102;166;--;0.0;167;147;291;--;--;--;No;00:00:17;15;--;--;--;00:45:13;00:45:17;0;100
Running;2025-04-13 14:47;FALSE;Kungsbacka Running;10.01;761;00:50:28;160;184;3.9;165;179;05:03;04:11;80;80;1.20;8.1;9.6;265;05:01;--;--;394;--;0.0;--;386;571;--;8,332;-9;No;00:00:01.7;11;--;--;--;00:50:25;00:50:28;8;37
Virtual Cycling;2025-04-11 07:53;FALSE;Zwift - Le Col - Training With Legends - Dame Sarah Storey - VO2 Surges on Flat Route in Watopia;12.10;202;00:24:19;125;149;2.1;--;--;29.9;50.8;67;--;--;--;--;--;--;78;117;173;--;0.0;159;145;323;--;--;--;No;00:00:15;32;--;--;--;00:24:17;00:24:18;-6;23
Running;2025-04-10 07:53;FALSE;Kungsbacka Running;6.01;445;00:28:47;161;177;3.4;169;181;04:47;04:07;42;44;1.24;7.8;9.6;255;04:46;--;--;400;--;0.0;--;394;548;--;4,832;-8;No;00:00:01.9;7;--;--;--;00:28:45;00:28:47;13;32
Virtual Cycling;2025-04-09 07:48;FALSE;Zwift - Le Col - Training With Legends - Dame Sarah Storey - 8.5 Minutes Of Pain on Cobbled Climbs in Richmond;11.96;219;00:26:48;128;163;2.3;--;--;26.8;63.4;140;--;--;--;--;--;--;77;118;183;--;0.0;158;143;384;--;--;--;No;00:00:17;20;--;--;--;00:26:47;00:26:47;4;55
Running;2025-04-08 19:43;FALSE;Kungsbacka Running;6.01;441;00:28:07;163;182;3.4;169;179;04:41;03:57;43;41;1.27;7.7;9.7;253;04:39;--;--;410;--;0.0;--;403;553;--;4,74;-5;No;00:00:01.9;7;--;--;--;00:28:05;00:28:07;14;34
Virtual Cycling;2025-04-07 18:07;FALSE;Zwift - Le Col - Training With Legends - Fabian Cancellara - Anaerobic Blasts on Suki s Playground in Makuri Islands;12.07;216;00:26:46;123;160;2.0;--;--;27.1;50.6;101;--;--;--;--;--;--;69;111;221;--;0.0;149;140;498;--;--;--;No;00:00:01;16;--;--;--;00:26:45;00:26:45;65;140
Running;2025-04-05 16:19;FALSE;Kungsbacka Running;7.55;561;00:38:59;150;166;3.3;170;182;05:10;04:41;49;61;1.14;8.0;9.2;260;05:11;--;--;383;--;0.0;--;378;527;--;6,602;-9;No;00:02:45.3;8;--;--;--;00:38:57;00:38:59;3;36
Virtual Cycling;2025-04-04 18:29;FALSE;Zwift - Douce France in France;23.81;406;00:45:16;130;147;2.3;--;--;31.6;48.0;131;--;--;--;--;--;--;85;120;162;--;0.0;170;156;269;--;--;--;No;00:00:01;2;--;--;--;00:45:15;00:45:15;10;34
Virtual Cycling;2025-04-03 20:14;FALSE;Zwift - Downtown Eruption in Watopia;23.20;491;00:45:22;143;165;3.1;--;--;30.7;61.5;297;--;--;--;--;--;--;84;118;195;--;0.0;199;188;303;--;--;--;No;00:00:01;2;--;--;--;00:45:21;00:45:21;1;132
Running;2025-04-01 19:32;FALSE;Gothenburg Running;10.01;727;00:53:27;144;166;3.2;169;188;05:20;04:21;80;38;1.11;8.1;9.0;262;05:18;--;--;352;--;0.0;--;347;518;--;9,058;-18;No;00:00:02.2;11;--;--;--;00:53:14;00:59:36;5;37
Running;2025-03-31 11:12;FALSE;Kungsbacka Running;6.01;437;00:27:32;166;182;3.5;170;181;04:35;04:06;43;44;1.28;7.5;9.6;249;04:33;--;--;424;--;0.0;--;416;575;--;4,722;-7;No;00:00:01.4;7;--;--;--;00:27:31;00:27:32;14;32
Virtual Cycling;2025-03-30 17:14;FALSE;Zwift - Triple Twist in Watopia;24.72;477;00:45:19;137;165;2.9;--;--;32.7;68.6;203;--;--;--;--;--;--;86;116;189;--;0.0;191;183;311;--;--;--;No;00:45:19;1;--;--;--;00:45:16;00:45:18;1;58
Running;2025-03-29 14:10;FALSE;Kungsbacka Running;7.50;555;00:38:54;152;175;3.3;169;177;05:11;04:44;65;61;1.15;8.1;9.3;262;05:09;--;--;380;--;0.0;--;372;508;--;6,544;-7;No;00:02:37.1;8;--;--;--;00:38:52;00:38:54;7;39
Virtual Cycling;2025-03-28 18:23;FALSE;Zwift - INEOS Grenadiers Virtual Training Camp | The Geoghegan Hart on Greater London Flat in London;21.24;353;00:42:10;130;156;2.4;--;--;30.2;46.9;91;--;--;--;--;--;--;83;117;165;--;0.0;175;146;354;--;--;--;No;00:00:09;18;--;--;--;00:42:06;00:42:09;11;31
Running;2025-03-27 19:42;FALSE;Kungsbacka - W1 Thu Intervals - 1km Repeats (;6.00;455;00:31:20;159;187;3.3;166;179;05:13;04:02;41;38;1.15;8.2;9.3;265;05:11;--;--;385;--;0.0;--;368;574;--;5,196;-11;No;00:00:25.1;10;--;--;--;00:31:15;00:31:20;13;33
Running;2025-03-26 18:55;FALSE;Kungsbacka - W1 Wed Easy Run - 5km Easy Run (;5.01;357;00:27:33;139;155;2.6;166;176;05:30;05:05;61;57;1.10;8.4;9.2;271;05:27;--;--;358;--;0.0;--;349;485;--;4,558;-5;No;00:00:02.0;6;--;--;--;00:27:30;00:27:33;12;40
Running;2025-03-23 12:02;FALSE;Kungsbacka Running;15.01;1,128;01:20:01;156;176;3.9;165;178;05:20;04:33;101;94;1.14;8.1;9.2;265;05:15;--;--;364;--;0.0;--;354;586;--;13,194;-17;No;00:00:01.3;16;--;--;--;01:19:59;01:20:01;2;28
Virtual Cycling;2025-03-21 11:54;FALSE;Zwift - Breakfast Returns on Tempus Fugit in Watopia;31.04;454;01:00:17;128;157;2.7;--;--;30.9;44.0;47;--;--;--;--;--;--;79;121;163;--;0.0;167;131;370;--;--;--;No;00:00:17;73;--;--;--;01:00:13;01:00:16;13;18
Running;2025-03-20 11:23;FALSE;Kungsbacka Running;10.00;755;00:54:12;153;175;3.5;168;181;05:25;04:33;66;57;1.10;8.2;9.1;266;05:23;--;--;359;--;0.0;--;353;508;--;9,06;-15;No;00:00:00.9;11;--;--;--;00:54:11;00:54:12;4;33
Virtual Cycling;2025-03-19 19:05;FALSE;Zwift - FTP Test [Standard] on Classique in London;24.45;425;00:45:30;141;176;3.1;--;--;32.2;47.4;111;--;--;--;--;--;--;78;101;186;--;0.0;203;163;350;--;--;--;No;00:00:20;11;--;--;--;00:45:26;00:45:29;12;26
Running;2025-03-18 16:18;FALSE;Kungsbacka - VO2 Max;8.01;605;00:40:40;161;179;3.8;166;179;05:05;03:50;47;43;1.18;8.1;9.4;264;05:03;--;--;400;--;0.0;--;381;531;--;6,696;-9;No;00:00:40.3;18;--;--;--;00:40:38;00:40:47;11;34
Running;2025-03-16 12:06;FALSE;Kungsbacka Running;10.00;750;00:52:34;154;174;3.6;165;176;05:15;04:39;83;81;1.16;8.2;9.5;268;05:14;--;--;370;--;0.0;--;364;573;--;8,642;-12;No;00:00:00.6;11;--;--;--;00:52:31;00:52:34;3;37
Virtual Cycling;2025-03-15 14:06;FALSE;Zwift - 3/3/2min VO2max on Mighty Metropolitan in New York;20.23;431;00:50:54;136;173;2.9;--;--;23.8;80.0;326;--;--;--;--;--;--;76;113;183;--;0.0;162;147;371;--;--;--;No;00:00:20;20;--;--;--;00:50:43;00:50:54;5;133
Running;2025-03-13 07:28;FALSE;Kungsbacka Running;6.01;441;00:31:18;150;162;3.1;163;179;05:13;04:10;44;44;1.18;8.1;9.5;265;05:08;--;--;372;--;0.0;--;361;526;--;5,118;--;No;00:00:01.7;7;--;--;--;00:31:14;00:31:18;12;33
Virtual Cycling;2025-03-12 12:11;FALSE;Zwift - Coast to Coast in Watopia;24.26;435;00:46:08;141;163;2.6;--;--;31.6;57.0;154;--;--;--;--;--;--;82;123;171;--;0.0;171;164;339;--;--;--;No;00:46:08;1;--;--;--;00:46:07;00:46:07;-6;43
Running;2025-03-10 17:37;FALSE;Kungsbacka Running;6.01;453;00:31:48;153;174;3.2;163;176;05:17;04:10;44;41;1.16;8.3;9.6;269;05:15;--;--;371;--;0.0;--;363;530;--;5,19;-7;No;00:00:02.3;7;--;--;--;00:31:39;00:31:48;11;31
Running;2025-03-09 12:20;FALSE;Kungsbacka Running;6.01;458;00:29:05;168;188;3.7;167;181;04:50;04:06;43;41;1.24;7.8;9.7;258;04:49;--;--;396;--;0.0;--;389;536;--;4,844;-6;No;00:00:02.2;7;--;--;--;00:28:59;00:29:05;15;33
Virtual Cycling;2025-03-07 16:03;FALSE;Zwift - Watopia s Waistband in Watopia;24.72;420;00:45:21;141;161;2.5;--;--;32.7;53.8;92;--;--;--;--;--;--;86;120;168;--;0.0;172;161;314;--;--;--;No;00:45:21;1;--;--;--;00:45:17;00:45:46;-6;28
Virtual Cycling;2025-03-06 19:42;FALSE;Zwift - Legends and Lava in Watopia;22.88;425;00:45:14;139;161;2.4;--;--;30.3;56.6;277;--;--;--;--;--;--;81;119;172;--;0.0;170;163;283;--;--;--;No;00:45:14;1;--;--;--;00:45:09;00:45:13;-6;83
Running;2025-03-05 16:32;FALSE;Kungsbacka Running;6.00;462;00:30:57;158;179;3.4;163;174;05:09;04:09;45;113;1.19;8.1;9.6;266;05:07;--;--;375;--;0.0;--;366;504;--;5,07;-7;No;00:00:01.1;7;--;--;--;00:30:46;00:30:57;11;32
Running;2025-03-03 17:07;FALSE;Kungsbacka Running;6.01;483;00:33:51;151;166;3.2;160;241;05:38;04:36;83;79;1.12;8.3;9.2;272;05:28;--;--;365;--;0.0;--;351;536;--;5,428;-7;No;00:00:02.9;7;--;--;--;00:33:37;00:33:51;7;40
Running;2025-03-02 14:14;FALSE;Kungsbacka Running;6.00;414;00:34:00;128;140;2.4;165;177;05:40;05:12;40;39;1.07;8.6;9.2;274;05:38;--;--;346;--;0.0;--;339;499;--;5,576;-7;No;00:00:01.2;7;--;--;--;00:33:59;00:34:00;13;32
Running;2025-02-27 18:17;FALSE;Kungsbacka Running;6.01;466;00:32:31;149;172;3.1;162;176;05:25;04:59;58;61;1.15;8.4;9.6;275;05:22;--;--;361;--;0.0;--;353;490;--;5,242;-8;No;00:00:04.4;7;--;--;--;00:32:29;00:32:31;7;39
Virtual Cycling;2025-01-16 11:25;FALSE;Zwift - Zwift Pro Training Camp: Jumbo-Visma | Wout van Aert: VO2 Max Training in Watopia;11.98;535;00:56:41;129;169;3.0;--;--;12.7;52.3;582;--;--;--;--;--;--;80;110;196;--;0.0;197;164;357;--;--;--;No;00:00:10;26;--;--;--;00:56:35;00:56:40;7;574
Virtual Cycling;2025-01-14 11:44;FALSE;Zwift - Saw Legs in London;33.98;669;01:17:36;120;149;2.6;--;--;26.3;74.7;421;--;--;--;--;--;--;71;136;165;--;0.0;166;150;333;--;--;--;No;00:00:10;24;--;--;--;01:17:21;01:23:18;4;249
Virtual Cycling;2025-01-13 06:04;FALSE;Zwift - Le Col - Training With Legends - Dame Sarah Storey - 8.5 Minutes Of Pain in Watopia;11.69;258;00:26:53;125;158;2.3;--;--;26.1;62.5;167;--;--;--;--;--;--;76;116;209;--;0.0;186;167;393;--;--;--;No;00:00:22;20;--;--;--;00:26:48;00:26:52;1;58
Virtual Cycling;2025-01-12 11:45;FALSE;Zwift - High Intensity/5min in Watopia;24.89;581;00:55:56;139;168;3.2;--;--;26.7;69.0;396;--;--;--;--;--;--;82;117;208;--;0.0;200;181;560;--;--;--;No;00:00:20;30;--;--;--;00:55:55;00:55:55;2;318
Virtual Cycling;2025-01-11 21:05;FALSE;Zwift - Cruise Intervals #4 in Watopia;19.37;614;01:00:19;143;167;3.3;--;--;19.3;78.4;601;--;--;--;--;--;--;82;115;192;--;0.0;197;177;277;--;--;--;No;00:00:59;17;--;--;--;01:00:14;01:00:18;1;381
Virtual Cycling;2025-01-09 11:09;FALSE;Zwift - Long Tempo in Watopia;23.64;486;00:50:20;145;164;3.0;--;--;28.2;59.4;272;--;--;--;--;--;--;88;112;184;--;0.0;185;168;298;--;--;--;No;00:00:19;23;--;--;--;00:50:17;00:50:22;1;132
Virtual Cycling;2025-01-08 12:47;FALSE;Zwift - EF Pro Cycling s Red Day Workout in France;22.18;348;00:45:16;119;139;2.1;--;--;29.4;46.1;132;--;--;--;--;--;--;84;110;143;--;0.0;144;134;174;--;--;--;No;00:00:15;12;--;--;--;00:45:13;00:45:16;10;34
Running;2025-01-07 15:42;FALSE;Kungsbacka Running;6.01;457;00:34:00;140;163;2.7;170;190;05:40;04:34;87;85;1.04;8.3;8.6;264;05:36;--;--;343;--;0.0;--;331;567;--;5,744;-7;No;00:00:01.4;7;--;--;--;00:33:58;00:34:00;11;32
Virtual Cycling;2025-01-05 14:03;FALSE;Zwift - 2004 in Watopia;23.68;469;00:50:56;139;170;2.9;--;--;27.9;78.5;227;--;--;--;--;--;--;83;105;178;--;0.0;183;160;303;--;--;--;No;00:00:25;22;--;--;--;00:50:51;00:50:55;0;146
Virtual Cycling;2025-01-04 20:04;FALSE;Zwift - Climber s Gambit in Watopia;28.27;752;01:10:31;144;176;3.4;--;--;24.0;63.8;669;--;--;--;--;--;--;77;120;202;--;0.0;213;186;491;--;--;--;No;01:10:31;1;--;--;--;01:10:31;01:11:32;-6;374
Virtual Cycling;2025-01-03 20:29;FALSE;Zwift - Canopies and Coastlines in Watopia;27.77;553;00:49:30;148;186;3.3;--;--;33.7;54.6;245;--;--;--;--;--;--;88;123;224;--;0.0;211;195;684;--;--;--;No;00:49:30;1;--;--;--;00:49:15;00:49:29;2;83
Virtual Cycling;2025-01-01 19:52;FALSE;Zwift - Cadence Pyramid in Richmond;20.10;358;00:46:01;118;133;2.1;--;--;26.2;64.8;187;--;--;--;--;--;--;72;120;140;--;0.0;146;135;237;--;--;--;No;00:01:00;26;--;--;--;00:46:00;00:46:00;4;65
Running;2024-12-31 13:11;FALSE;Kungsbacka Running;6.00;438;00:26:33;166;185;3.5;171;184;04:25;03:48;45;40;1.32;7.3;9.7;243;04:24;--;--;435;--;0.0;--;426;610;--;4,532;-6;No;00:00:01.2;7;--;--;--;00:26:31;00:26:33;14;32
Virtual Cycling;2024-12-29 20:17;FALSE;Zwift - Itza Party in Watopia;46.45;933;01:33:06;138;170;3.4;--;--;29.9;60.3;506;--;--;--;--;--;--;84;125;186;--;0.0;191;174;465;--;--;--;No;01:33:06;1;--;--;--;01:32:59;01:33:05;-6;146
Virtual Cycling;2024-12-27 17:15;FALSE;Zwift - Le Col - Training With Legends - Fabian Cancellara - Anaerobic Blasts in France;13.44;254;00:26:29;147;178;2.7;--;--;30.4;59.5;109;--;--;--;--;--;--;72;119;257;--;0.0;177;167;620;--;--;--;No;00:00:28;15;--;--;--;00:26:24;00:26:28;12;34
Virtual Cycling;2024-12-26 17:20;FALSE;Zwift - Intensive Aerobic x 4 in Watopia;32.33;829;01:27:09;147;174;3.5;--;--;22.3;51.9;318;--;--;--;--;--;--;85;120;183;--;0.0;191;166;305;--;--;--;No;00:00:08;30;--;--;--;01:27:05;01:27:08;0;100
Running;2024-12-25 18:56;FALSE;Kungsbacka Running;6.00;459;00:31:04;152;170;3.0;166;186;05:10;04:10;47;45;1.17;8.1;9.5;266;05:09;--;--;379;--;0.0;--;372;543;--;5,136;-6;No;00:00:01.3;7;--;--;--;00:31:01;00:32:03;12;31
Virtual Cycling;2024-12-22 12:11;FALSE;Zwift - Makuri 40 in Makuri Islands;40.35;810;01:16:41;138;171;3.2;--;--;31.6;56.0;317;--;--;--;--;--;--;85;122;198;--;0.0;207;184;724;--;--;--;No;01:16:41;1;--;--;--;01:16:30;01:16:41;3;140
Virtual Cycling;2024-12-21 19:58;FALSE;Zwift - The McCarthy Special in New York;24.41;576;01:00:20;141;179;3.2;--;--;24.3;78.9;413;--;--;--;--;--;--;84;115;199;--;0.0;190;166;331;--;--;--;No;00:00:08;14;--;--;--;01:00:09;01:00:53;5;133
Virtual Cycling;2024-12-20 07:02;FALSE;Zwift - Half Hour of Power in London;18.68;328;00:35:21;137;167;2.6;--;--;31.7;50.8;69;--;--;--;--;--;--;83;120;193;--;0.0;172;162;560;--;--;--;No;00:00:10;39;--;--;--;00:35:19;00:35:20;11;31
Virtual Cycling;2024-12-18 09:18;FALSE;Zwift - Thew in Makuri Islands;21.77;541;01:00:29;140;172;3.2;--;--;21.6;53.6;357;--;--;--;--;--;--;87;122;192;--;0.0;178;156;413;--;--;--;No;00:00:27;34;--;--;--;01:00:22;01:00:28;68;223
Virtual Cycling;2024-12-14 12:01;FALSE;Zwift - Triple Flat Loops in Watopia;34.47;668;00:57:06;157;186;3.8;--;--;36.2;56.3;157;--;--;--;--;--;--;85;126;221;--;0.0;219;204;694;--;--;--;No;00:57:06;1;--;--;--;00:57:05;00:57:05;-6;28
Virtual Cycling;2024-12-11 09:05;FALSE;Zwift - Road to Sky in Watopia;18.03;914;01:21:54;153;176;3.8;--;--;13.2;52.6;1,057;--;--;--;--;--;--;72;119;202;--;0.0;207;194;369;--;--;--;No;01:21:54;1;--;--;--;01:21:49;01:21:53;7;1,047
Virtual Cycling;2024-12-07 12:25;FALSE;Zwift - Petit Boucle in France;62.44;1,214;01:55:18;142;181;3.7;--;--;32.5;63.4;483;--;--;--;--;--;--;81;126;211;--;0.0;200;183;677;--;--;--;No;01:55:18;1;--;--;--;01:55:04;01:59:15;10;121
Virtual Cycling;2024-12-05 10:56;FALSE;Zwift - The Wringer on Volcano Climb After Party in Watopia;20.03;416;00:44:10;137;170;2.9;--;--;27.2;63.3;239;--;--;--;--;--;--;68;115;242;--;0.0;188;164;522;--;--;--;No;00:00:24;26;--;--;--;00:44:06;00:44:09;2;132
Virtual Cycling;2024-12-04 09:48;FALSE;Zwift - Over, Under and Beyond in New York;19.02;437;00:47:33;139;163;2.8;--;--;24.0;75.3;364;--;--;--;--;--;--;81;118;181;--;0.0;188;160;336;--;--;--;No;00:00:35;32;--;--;--;00:47:27;00:47:54;4;133
Virtual Cycling;2024-12-02 18:52;FALSE;Zwift - Road to Sky in Watopia;18.10;914;01:20:19;150;174;3.9;--;--;13.5;60.7;1,058;--;--;--;--;--;--;68;134;207;--;0.0;222;198;897;--;--;--;No;01:20:19;1;--;--;--;01:19:42;01:22:17;7;1,047
Virtual Cycling;2024-12-01 17:32;FALSE;Zwift - Coastal Crown Loop in Watopia;21.15;421;00:46:12;133;149;2.5;--;--;27.5;76.5;265;--;--;--;--;--;--;80;119;167;--;0.0;170;159;336;--;--;--;No;00:46:12;1;--;--;--;00:46:08;00:46:11;1;146
Virtual Cycling;2024-11-30 12:17;FALSE;Zwift - Mountain 8 in Watopia;32.75;825;01:12:59;157;181;4.2;--;--;26.9;88.4;687;--;--;--;--;--;--;76;123;217;--;0.0;229;197;542;--;--;--;No;01:12:59;1;--;--;--;01:12:47;01:13:19;-6;516
Virtual Cycling;2024-11-28 18:05;FALSE;Zwift - Tempus Fugit in Watopia;23.42;390;00:40:29;134;180;2.7;--;--;34.7;52.9;38;--;--;--;--;--;--;85;122;200;--;0.0;192;167;713;--;--;--;No;00:40:29;1;--;--;--;00:40:23;00:40:32;13;18