Aktivitetstyp,Datum,Favorit,Namn,Distans,Kalorier,Tid,Medelpuls,Maxpuls,Aerobisk Training Effect,Medellöpkadens,Maximal löpkadens,Medeltempo,Bästa tempo,Total stigning,Totalt nedför,Medelsteglängd,Medelvärde för vertikal kvot,Medelvärde för vertikal rörelse,Medeltid för markkontakt,Medelvärde GAP,Normalized Power® (NP®),Training Stress Score®,Med. kraft,Maxkraft,Totalt antal årtag,Medel-Swolf,Medelårtagstempo,Steg,Urladdning av Body Battery,Dekompression,Bästa varvtid,Antal varv,Genomsnittlig andning,Minsta andningshastighet,Maximal andningshastighet,Färdtid,Total tid,Min. höjd,Max. höjd
Löpning,2026-03-04 18:10:43,false,"Göteborg Löpning","11.30","1,123","01:32:56","149","175","3.6","108","250","8:14","3:25","562","541","1.02","9.4","9.4","324","7:18","281","0.0","204","593","--","--","--","11,590","-20","Nej","00:13:33","2","--","--","--","01:20:49","01:37:29","43","133"
Löpning,2026-03-03 18:08:58,false,"Göteborg Löpning","13.53","968","01:14:43","150","189","3.6","137","243","5:31","2:50","249","254","1.30","8.2","10.4","271","5:16","367","0.0","303","604","--","--","--","10,740","-14","Nej","00:00:58.1","12","--","--","--","01:06:26","01:14:43","50","119"
Löpning,2026-03-02 16:05:15,false,"Göteborg Löpning","10.46","740","00:59:35","139","161","3.0","153","222","5:42","3:27","284","264","1.14","8.7","9.8","281","5:26","332","0.0","302","555","--","--","--","9,250","-11","Nej","00:59:35","1","--","--","--","00:57:39","00:59:35","20","102"
Löpning,2026-03-01 12:09:29,false,"Kristianstad Löpning","1.89","131","00:10:34","139","146","1.5","162","182","5:35","4:47","92","53","1.11","8.7","9.7","277","5:12","411","0.0","355","741","--","--","--","1,716","--","Nej","00:10:34","1","--","--","--","00:10:33","00:10:34","-5","50"
Löpning,2026-03-01 10:19:53,false,"Kristianstad Löpning","18.07","1,402","01:36:41","166","183","4.8","148","194","5:21","2:38","472","456","1.27","8.3","10.3","275","5:09","355","0.0","314","660","--","--","--","14,794","-22","Nej","00:21:07","2","--","--","--","01:30:56","01:36:41","-54","20"
Löpning,2026-02-28 11:18:00,false,"Kristianstad Löpning","9.93","760","01:04:23","146","183","3.3","128","231","6:29","3:09","207","228","1.14","8.9","9.7","285","6:18","303","0.0","238","560","--","--","--","8,858","-12","Nej","00:17:59","2","--","--","--","00:57:52","01:04:23","-51","32"
Löpning,2026-02-27 19:33:07,false,"Markaryd Löpning","8.28","581","00:49:20","137","190","2.6","145","195","5:57","2:31","133","124","1.15","8.7","9.9","280","5:47","319","0.0","276","758","--","--","--","7,204","-8","Nej","00:01:04.8","3","--","--","--","00:45:10","00:49:30","76","123"
Löpning,2026-02-25 18:03:34,false,"Göteborg Löpning","9.70","663","01:07:59","122","157","2.3","133","175","7:01","3:37","213","173","1.06","9.0","9.4","283","6:43","298","0.0","245","474","--","--","--","9,280","-10","Nej","01:07:59","1","--","--","--","00:57:38","01:07:59","16","71"
Löpning,2026-02-24 18:07:42,false,"Göteborg Löpning","12.38","851","01:02:49","151","190","3.9","149","207","5:04","3:06","121","96","1.30","7.7","9.4","248","4:57","383","0.0","313","592","--","--","--","9,658","-12","Nej","00:00:56.5","19","--","--","--","00:59:25","01:02:49","14","50"
Löpning,2026-02-23 16:19:26,false,"Göteborg Löpning","9.04","626","00:52:21","133","170","2.6","153","178","5:48","3:53","214","178","1.14","8.7","9.8","278","5:26","323","0.0","297","541","--","--","--","8,110","-9","Nej","00:52:21","1","--","--","--","00:49:50","00:52:21","-23","58"
Löpning,2026-02-22 19:35:23,false,"Mölndal Löpning","16.57","1,184","01:46:15","136","177","3.3","142","182","6:25","3:09","492","498","1.10","9.2","10.0","296","5:59","317","0.0","279","629","--","--","--","15,134","-17","Nej","01:46:15","1","--","--","--","01:38:11","01:46:15","-55","102"
Löpning,2026-02-21 11:03:54,false,"Kungälv Löpning","10.51","976","01:36:37","143","165","3.1","118","227","9:12","3:48","395","350","0.87","10.2","8.5","348","8:23","249","0.0","181","584","--","--","--","12,696","-19","Nej","00:07:17.3","2","--","--","--","01:29:02","01:36:37","-3","88"
Löpning,2026-02-20 19:47:48,false,"Mölndal Löpning","11.40","816","01:04:22","145","182","3.1","156","179","5:39","3:56","329","297","1.14","9.1","10.2","292","5:16","356","0.0","318","804","--","--","--","10,066","-10","Nej","01:04:22","1","--","--","--","01:04:21","01:04:22","-16","103"
Löpning,2026-02-19 18:21:54,false,"Partille Löpning","10.52","1,073","01:16:39","166","190","4.1","127","233","7:17","3:08","417","401","0.99","9.7","9.3","309","6:41","284","0.0","226","580","--","--","--","10,856","-12","Nej","00:08:15.6","2","--","--","--","01:10:24","01:16:39","11","133"
Löpning,2026-02-18 18:12:17,false,"Göteborg Löpning","7.11","695","01:07:50","141","188","3.1","104","250","9:32","3:45","408","400","0.88","10.1","8.5","328","8:09","256","0.0","174","539","--","--","--","8,828","-10","Nej","01:07:50","1","--","--","--","00:59:26","01:07:50","35","101"
Löpning,2026-02-16 17:21:59,false,"Göteborg Löpning","11.94","843","01:11:08","139","186","3.0","154","182","5:57","3:32","383","316","1.09","9.1","9.7","288","5:26","337","0.0","306","700","--","--","--","11,156","-12","Nej","01:11:08","1","--","--","--","01:10:00","01:11:08","5","130"
Löpning,2026-02-15 10:18:57,false,"Mölndal Löpning","11.88","1,077","01:15:18","164","190","4.2","136","185","6:20","2:51","429","444","1.10","9.0","9.5","292","5:48","343","0.0","260","779","--","--","--","11,304","-19","Nej","00:07:42.9","3","--","--","--","01:11:07","01:15:24","-42","118"
Löpning,2026-02-14 14:51:24,false,"Mölndal Löpning","12.73","922","01:29:49","127","170","2.8","144","187","7:03","3:51","363","331","0.98","9.4","9.0","292","6:33","290","0.0","247","551","--","--","--","13,226","-9","Nej","01:29:49","1","--","--","--","01:23:14","01:29:49","-16","110"
Löpning,2026-02-13 15:27:11,false,"Mölndal Löpning","6.02","418","00:32:35","142","166","2.6","161","201","5:25","3:36","225","170","1.17","8.8","10.0","280","4:47","381","0.0","350","684","--","--","--","5,246","-6","Nej","00:32:35","1","--","--","--","00:32:35","00:32:35","-33","113"
Crosstrainer,2026-02-12 19:57:04,false,"Crosstrainer","0.00","663","01:00:01","147","188","3.3","101","240","--","--","--","--","0.00","--","--","--","--","--","0.0","--","--","--","--","--","6,136","-9","Nej","00:00:59.8","17","--","--","--","00:00:00","01:00:01","--","--"
Löpning,2026-02-11 17:23:40,false,"Göteborg Löpning","7.32","554","00:54:19","130","189","2.8","112","194","7:25","2:48","203","175","1.19","8.5","9.6","271","6:55","344","0.0","237","658","--","--","--","6,528","-10","Nej","00:11:41","2","--","--","--","00:39:40","00:54:19","-8","59"
Crosstrainer,2026-02-09 19:10:54,false,"Crosstrainer","0.00","371","00:43:03","122","155","1.4","124","150","--","--","--","--","0.00","--","--","--","--","--","0.0","--","--","--","--","--","5,396","-4","Nej","00:43:03","1","--","--","--","00:00:00","00:43:03","--","--"
Crosstrainer,2026-02-08 18:23:42,false,"Crosstrainer","0.00","923","01:10:53","157","177","4.0","132","166","--","--","--","--","0.00","--","--","--","--","--","0.0","--","--","--","--","--","9,562","-10","Nej","01:10:53","1","--","--","--","00:00:00","01:10:53","--","--"
Simbassäng,2026-02-07 13:38:07,false,"Simbassäng","2,350","747","01:03:21","146","185","3.4","--","--","1:51","0:31","--","--","--","--","--","--","--","--","0.0","--","--","1436","86","33","--","--","Nej","00:00:08.4","30","--","--","--","00:43:22","01:04:33","--","--"
Löpning,2026-02-05 15:04:53,false,"Göteborg Löpning","17.39","1,185","01:29:04","150","181","3.7","167","180","5:07","3:26","353","351","1.17","8.1","9.5","261","4:58","347","0.0","334","524","--","--","--","14,946","-15","Nej","01:29:04","1","--","--","--","01:28:21","01:29:04","-9","87"
Löpning,2026-02-04 18:15:18,false,"Göteborg Löpning","7.06","477","00:42:54","135","183","2.6","127","183","6:05","3:39","183","136","1.27","8.1","10.0","264","5:43","369","0.0","281","691","--","--","--","5,600","-6","Nej","00:42:54","1","--","--","--","00:36:08","00:42:54","-40","64"
Löpning,2026-02-04 17:01:57,false,"Göteborg Löpning","9.91","653","00:54:08","133","175","2.7","162","179","5:28","3:39","184","128","1.13","8.5","9.6","270","5:12","339","0.0","320","626","--","--","--","8,892","-10","Nej","00:54:08","1","--","--","--","00:53:36","00:54:08","-5","61"
Löpning,2026-02-03 17:58:35,false,"Göteborg Löpning","18.15","1,235","01:38:48","148","198","4.4","148","196","5:27","2:38","346","331","1.23","8.1","9.5","264","5:16","386","0.0","311","674","--","--","--","15,016","-20","Nej","00:00:55.0","15","--","--","--","01:33:05","01:38:48","-1","60"
Löpning,2026-02-02 17:25:33,false,"Göteborg Löpning","19.27","1,322","02:10:22","122","176","3.3","134","192","6:46","3:24","464","346","1.09","8.5","9.2","273","6:17","330","0.0","260","745","--","--","--","17,884","-24","Nej","02:10:22","1","--","--","--","01:51:55","02:19:48","-23","98"
Löpning,2026-02-01 14:17:19,false,"Göteborg Löpning","8.21","614","01:03:57","128","188","2.7","108","183","7:47","3:12","222","248","1.19","8.4","9.7","273","7:16","345","0.0","233","759","--","--","--","7,102","-10","Nej","01:03:57","1","--","--","--","00:45:23","01:03:57","-58","64"
Löpband,2026-02-01 12:34:39,false,"Löpband","3.18","520","00:41:41","147","186","3.0","113","240","13:06","3:33","--","--","0.87","9.4","7.8","286","--","168","0.0","112","399","--","--","--","5,060","-10","Nej","00:02:23.8","4","--","--","--","00:22:51","00:41:41","--","--"
Löpning,2026-02-01 11:47:39,false,"Mölndal Löpning","3.12","227","00:25:16","122","164","2.2","101","189","8:06","2:26","162","131","1.26","7.6","9.0","259","6:46","372","0.0","235","655","--","--","--","2,600","-5","Nej","00:25:16","1","--","--","--","00:17:29","00:25:16","-22","86"
Löpning,2026-01-31 16:15:41,false,"Mölndal Löpning","3.71","291","00:27:00","129","165","2.2","135","188","7:16","3:25","257","83","1.02","9.1","9.2","286","5:44","350","0.0","281","581","--","--","--","3,854","-4","Nej","00:27:00","1","--","--","--","00:23:34","00:34:32","-23","79"
Löpning,2026-01-31 10:24:32,false,"Mölndal Löpning","10.37","891","01:37:31","134","178","2.8","103","231","9:24","4:30","516","466","0.90","9.9","8.4","315","8:21","267","0.0","174","603","--","--","--","12,058","-15","Nej","01:37:31","1","--","--","--","01:26:10","01:37:31","-24","97"
Löpning,2026-01-30 18:18:02,false,"Mölndal Löpning","9.75","1,077","01:24:03","161","190","4.3","105","225","8:37","3:29","503","578","0.99","9.6","9.0","332","7:51","283","0.0","181","655","--","--","--","10,436","-14","Nej","00:06:59.1","2","--","--","--","01:11:49","01:24:03","14","91"
Löpning,2026-01-29 18:13:30,false,"Partille Löpning","8.58","863","01:23:48","145","177","3.1","103","250","9:46","2:49","492","507","0.89","10.0","8.6","348","8:45","243","0.0","167","612","--","--","--","10,218","-10","Nej","01:23:48","1","--","--","--","01:13:23","01:23:48","58","144"
Löpning,2026-01-28 19:00:05,false,"Mölndal Löpning","13.99","939","01:07:27","157","176","3.8","160","180","4:49","3:43","192","138","1.30","8.2","10.5","268","4:40","380","0.0","358","695","--","--","--","10,844","-12","Nej","01:07:27","1","--","--","--","01:07:17","01:07:27","-29","69"
Löpning,2026-01-27 17:32:43,false,"Mölndal Löpning","6.45","437","00:33:52","148","181","3.0","148","196","5:15","3:01","117","52","1.29","7.8","9.9","254","4:57","396","0.0","323","717","--","--","--","5,090","-6","Nej","00:00:00.9","12","--","--","--","00:30:34","00:33:52","-65","5"
Löpning,2026-01-26 16:17:27,false,"Göteborg Löpning","10.35","710","00:54:47","148","170","3.1","162","176","5:17","3:37","188","166","1.17","8.5","9.8","271","5:08","342","0.0","327","514","--","--","--","8,878","-10","Nej","00:54:47","1","--","--","--","00:53:55","00:54:47","4","74"
Löpning,2026-01-25 18:43:35,false,"Mölndal Löpning","12.29","809","01:05:15","146","182","3.2","152","180","5:18","3:18","219","163","1.24","8.6","10.5","281","5:05","354","0.0","327","612","--","--","--","9,960","-9","Nej","01:05:15","1","--","--","--","01:03:25","01:05:15","-33","60"
Löpning,2026-01-24 18:10:22,false,"Mölndal Löpning","15.77","1,137","01:41:09","136","159","3.2","149","240","6:25","4:16","478","427","1.04","9.3","9.4","296","5:52","312","0.0","272","646","--","--","--","15,504","-18","Nej","01:41:09","1","--","--","--","01:39:20","01:41:11","-40","102"
Längdskidåkning klassisk stil,2026-01-22 06:49:23,false,"Trysil Längdskidåkning klassisk stil","13.28","710","00:54:58","155","205","3.5","--","--","14.5","36.2","264","252","--","--","--","--","--","--","0.0","--","--","--","--","--","4,332","-10","Nej","00:01:12.4","14","--","--","--","00:53:45","00:54:58","427","582"
Löpning,2026-01-21 19:52:07,false,"Trysil Löpning","2.57","184","00:15:37","136","152","2.0","161","169","6:05","4:55","83","33","1.02","9.3","9.4","289","5:36","320","0.0","304","493","--","--","--","2,504","--","Nej","00:15:37","1","--","--","--","00:15:37","00:15:37","408","472"
Längdskidåkning klassisk stil,2026-01-21 09:09:11,false,"Trysil Längdskidåkning klassisk stil","50.07","2,710","04:53:49","140","171","4.3","--","--","10.2","45.0","1,111","1,112","--","--","--","--","--","--","0.0","--","--","--","--","--","16,972","-35","Nej","00:01:00.5","51","--","--","--","04:23:35","04:53:49","422","1,030"
Längdskidåkning klassisk stil,2026-01-20 10:44:11,false,"Trysil Längdskidåkning klassisk stil","28.10","1,118","03:01:08","111","207","2.2","--","--","9.3","43.6","492","798","--","--","--","--","--","--","0.0","--","--","--","--","--","10,608","-11","Nej","00:00:27.8","29","--","--","--","02:21:17","03:01:08","434","935"
Löpning,2026-01-20 09:22:44,false,"Trysil Löpning","4.47","325","00:24:14","149","180","2.4","157","180","5:25","3:47","236","82","1.18","8.6","9.9","278","4:35","408","0.0","372","640","--","--","--","3,816","-5","Nej","00:24:14","1","--","--","--","00:24:06","00:35:53","290","478"
Längdskidåkning klassisk stil,2026-01-19 14:39:03,false,"Trysil Längdskidåkning klassisk stil","30.09","1,733","02:36:33","150","174","4.4","--","--","11.5","42.1","856","836","--","--","--","--","--","--","0.0","--","--","--","--","--","7,978","-18","Nej","00:00:22.3","32","--","--","--","02:19:00","02:36:33","405","500"
Längdskidåkning klassisk stil,2026-01-19 07:11:05,false,"Trysil Längdskidåkning klassisk stil","15.28","785","01:12:24","145","169","3.1","--","--","12.7","30.7","236","369","--","--","--","--","--","--","0.0","--","--","--","--","--","6,412","-15","Nej","00:01:25.6","16","--","--","--","01:09:09","01:12:24","443","672"
Längdskidåkning klassisk stil,2026-01-18 17:11:41,false,"Trysil Längdskidåkning klassisk stil","15.12","798","01:14:50","143","172","3.1","--","--","12.1","33.8","196","184","--","--","--","--","--","--","0.0","--","--","--","--","--","4,708","--","Nej","00:00:37.4","16","--","--","--","01:09:28","01:14:50","438","587"
Löpning,2026-01-15 18:32:31,false,"Mölndal Löpning","6.58","486","00:41:40","139","158","2.6","150","180","6:20","4:04","205","175","1.06","9.3","9.6","297","5:54","326","0.0","291","567","--","--","--","6,346","-10","Nej","00:41:40","1","--","--","--","00:41:13","00:41:40","-13","97"
Löpning,2026-01-13 18:01:45,false,"Mölndal Löpning","12.32","1,025","01:28:31","148","186","3.9","117","182","7:11","2:45","434","475","1.15","8.8","9.8","283","6:28","334","0.0","241","615","--","--","--","10,970","-15","Nej","00:01:31.5","11","--","--","--","01:09:52","01:28:31","-29","115"
Löpning,2026-01-12 17:05:07,false,"Mölndal Löpning","10.37","771","01:06:19","142","159","3.0","148","185","6:24","4:17","368","351","1.06","9.1","9.6","287","5:44","354","0.0","282","782","--","--","--","10,082","-10","Nej","01:06:19","1","--","--","--","01:01:49","01:06:19","-28","130"
Löpning,2026-01-10 17:52:38,false,"Norrköping Löpning","8.51","583","00:45:27","135","159","2.8","161","181","5:20","4:10","172","94","1.17","8.7","10.1","279","5:04","364","0.0","333","717","--","--","--","7,324","-8","Nej","00:45:27","1","--","--","--","00:45:26","00:45:27","7","139"
Terränglöpning,2026-01-06 10:06:23,false,"Norrköping Terränglöpning","5.27","739","01:39:09","126","158","2.3","62","231","18:49","4:59","388","339","0.71","10.4","6.6","312","16:14","194","0.0","83","521","--","--","--","7,002","-16","Nej","00:00:00.3","26","--","--","--","01:00:25","01:39:09","54","134"
Löpning,2026-01-05 17:03:32,false,"Norrköping - 8*5 min","16.82","1,134","01:25:33","152","182","4.1","149","198","5:05","3:14","258","223","1.32","7.8","10.0","254","4:58","386","0.0","328","642","--","--","--","12,926","-17","Nej","00:00:08.0","12","--","--","--","01:19:11","01:25:33","-44","58"
Löpning,2026-01-04 10:41:02,false,"Norrköping Löpning","11.87","915","01:25:21","136","160","2.9","146","250","7:12","4:20","306","278","0.95","9.6","8.9","296","6:49","282","0.0","243","545","--","--","--","12,650","-20","Nej","01:25:21","1","--","--","--","01:20:14","01:25:21","47","130"
Löpning,2026-01-03 17:10:30,false,"Norrköping Löpning","14.12","964","01:20:24","139","156","3.1","163","186","5:42","4:23","228","222","1.08","8.9","9.6","279","5:35","334","0.0","299","926","--","--","--","13,072","-18","Nej","01:20:24","1","--","--","--","01:19:57","01:20:24","14","109"
Multisport,2026-01-02 16:37:36,false,"Norrköping Multisport","13.28","1,015","01:36:34","--","184","3.3","--","--","8.3","--","270","213","--","--","--","--","--","--","0.0","--","--","--","--","--","--","--","Nej","--:--:--","4","--","--","--","--:--:--","01:36:34","-21","124"
Löpning,2026-01-01 15:09:46,false,"Mölndal Löpning","8.30","672","01:03:20","135","160","2.6","129","194","7:38","3:39","329","298","1.00","9.6","9.0","315","6:40","288","0.0","237","565","--","--","--","8,770","-12","Nej","01:03:20","1","--","--","--","01:00:21","01:03:20","-21","116"
Löpning,2025-12-31 14:41:41,false,"Mölndal Löpning","8.52","657","00:54:05","144","160","2.8","153","183","6:21","3:55","344","324","1.03","9.4","9.4","296","5:41","323","0.0","290","521","--","--","--","8,474","-10","Nej","00:54:05","1","--","--","--","00:53:54","00:54:05","5","116"
Löpning,2025-12-30 16:04:03,false,"Mölndal Löpning","12.50","930","01:27:31","137","155","2.9","149","247","7:00","3:53","503","491","0.97","9.8","9.2","310","6:20","292","0.0","264","484","--","--","--","13,440","-15","Nej","01:27:31","1","--","--","--","01:26:59","01:27:31","4","101"
Löpning,2025-12-29 19:30:10,false,"Norrköping Löpning","3.04","204","00:14:16","151","169","2.4","166","186","4:42","3:56","87","25","1.28","7.9","10.1","260","4:24","409","0.0","385","568","--","--","--","2,376","-2","Nej","00:14:16","1","--","--","--","00:14:15","00:14:16","-28","58"
Löpband,2025-12-29 18:12:11,false,"Löpband","10.16","818","01:16:39","147","183","4.0","108","240","7:33","3:28","--","--","1.36","7.4","9.9","247","--","303","0.0","198","448","--","--","--","7,708","-10","Nej","00:00:37.7","61","--","--","--","00:45:21","01:16:39","--","--"
Löpning,2025-12-29 17:40:52,false,"Norrköping Löpning","3.09","212","00:15:48","145","159","2.4","155","192","5:07","3:43","113","33","1.26","7.9","9.9","259","4:38","427","0.0","379","628","--","--","--","2,456","-4","Nej","00:01:33.0","2","--","--","--","00:15:00","00:15:48","7","107"
Löpband,2025-12-27 11:00:11,false,"Löpband","10.00","832","01:05:02","156","190","4.0","122","240","6:30","1:58","--","--","1.44","7.1","9.3","240","--","319","0.0","218","671","--","--","--","7,418","-17","Nej","00:00:53.2","26","--","--","--","00:44:16","01:05:02","--","--"
Löpning,2025-12-26 10:33:59,false,"Norrköping Löpning","18.44","1,526","02:36:43","141","181","3.4","116","250","8:30","4:21","654","615","0.94","9.6","8.7","321","7:45","263","0.0","194","490","--","--","--","20,760","-32","Nej","02:36:43","1","--","--","--","02:22:32","02:36:44","51","158"
Löpning,2025-12-25 18:51:06,false,"Norrköping Löpning","10.53","696","00:49:48","153","175","3.4","157","181","4:44","3:31","130","89","1.36","8.0","10.7","264","4:37","390","0.0","368","531","--","--","--","7,876","-12","Nej","00:49:48","1","--","--","--","00:48:49","00:49:48","-26","49"
Löpning,2025-12-24 10:51:53,false,"Norrköping Löpning","10.29","862","01:29:54","131","164","2.8","107","228","8:44","3:12","311","278","0.97","9.5","8.9","312","8:07","254","0.0","183","557","--","--","--","10,894","-18","Nej","01:29:54","1","--","--","--","01:14:14","01:29:54","16","63"
Löpning,2025-12-23 18:13:42,false,"Norrköping Löpning","10.07","693","01:06:20","130","163","2.5","145","231","6:35","1:46","251","257","0.99","9.7","9.5","306","6:14","283","0.0","253","480","--","--","--","9,742","-12","Nej","01:06:20","1","--","--","--","01:04:41","01:06:20","19","86"
Löpning,2025-12-22 18:10:15,false,"Norrköping Löpning","11.22","709","00:51:45","154","183","3.7","141","197","4:37","2:42","160","133","1.53","6.8","9.9","226","4:29","421","0.0","341","647","--","--","--","7,618","-10","Nej","00:00:58.9","21","--","--","--","00:46:39","00:51:45","-11","54"
Löpning,2025-12-21 10:37:37,false,"Norrköping Löpning","13.87","1,111","01:46:57","142","166","3.2","127","250","7:43","3:27","369","334","0.97","9.6","9.0","312","7:24","263","0.0","211","481","--","--","--","14,768","-23","Nej","01:46:57","1","17","17","17","01:37:40","01:46:57","60","148"
Löpning,2025-12-20 11:46:57,false,"Nyköping Löpning","4.06","447","00:40:05","142","172","2.7","105","243","9:52","5:05","197","169","0.86","10.1","8.4","353","8:49","233","0.0","171","501","--","--","--","4,986","-9","Nej","00:40:05","1","--","--","--","00:35:24","00:40:05","53","105"
Löpning,2025-12-18 18:49:42,false,"Norrköping Löpning","9.22","737","01:19:47","130","158","2.5","107","237","8:39","3:26","316","295","0.99","9.4","8.8","318","7:55","254","0.0","181","477","--","--","--","10,036","-12","Nej","01:19:47","1","--","--","--","01:11:32","01:19:47","9","100"
Löpning,2025-12-17 18:23:25,false,"Norrköping Löpning","7.74","716","00:46:43","175","186","4.2","134","198","6:02","2:42","220","208","1.15","9.0","10.0","300","5:41","321","0.0","267","625","--","--","--","6,912","-12","Nej","00:46:43","1","--","--","--","00:45:41","00:46:43","9","63"
Löpning,2025-12-15 17:27:33,false,"Göteborg Löpning","12.18","800","01:06:28","138","157","3.1","160","237","5:27","4:08","234","187","1.15","8.5","9.7","271","5:14","338","0.0","317","538","--","--","--","10,780","-16","Nej","01:06:28","1","--","--","--","01:04:45","01:06:28","-18","53"
Löpning,2025-12-14 11:08:39,false,"Mölndal Löpning","9.96","775","01:11:29","142","157","3.0","144","200","7:10","2:46","384","396","0.95","9.8","9.0","308","6:37","285","0.0","244","542","--","--","--","10,848","-19","Nej","01:11:29","1","--","--","--","01:10:02","01:11:29","8","115"
Löpning,2025-12-13 18:56:02,false,"Mölndal Löpning","9.72","739","00:53:01","160","184","4.0","152","193","5:27","3:35","378","348","1.17","8.7","9.9","279","4:54","360","0.0","324","567","--","--","--","8,264","-13","Nej","00:01:29.9","8","--","--","--","00:51:30","00:53:01","16","150"
Löpning,2025-12-12 16:39:36,false,"Mölndal Löpning","12.52","975","01:26:45","143","163","3.1","145","250","6:56","3:57","484","474","0.98","9.7","9.3","309","6:14","294","0.0","258","545","--","--","--","13,314","--","Nej","01:26:45","1","--","--","--","01:25:56","01:26:45","12","123"
Löpning,2025-12-11 10:12:00,false,"Mölndal Löpning","8.78","656","00:50:00","151","165","3.2","164","186","5:42","3:42","223","246","1.09","8.9","9.5","279","5:20","320","0.0","306","535","--","--","--","8,176","-14","Nej","00:50:00","1","--","--","--","00:50:00","00:50:00","-7","100"
Löpning,2025-12-09 18:04:45,false,"Göteborg Löpning","13.55","1,044","01:19:35","158","188","4.6","129","237","5:52","2:55","297","268","1.29","8.1","10.4","267","5:34","351","0.0","285","640","--","--","--","10,636","-16","Nej","00:01:04.4","11","--","--","--","01:06:14","01:19:35","11","88"
Löpning,2025-12-07 20:07:49,false,"Mölndal Löpning","8.93","625","00:46:53","148","161","3.2","162","179","5:15","3:51","246","229","1.19","8.6","10.1","277","4:57","355","0.0","341","515","--","--","--","7,558","-9","Nej","00:46:53","1","--","--","--","00:46:52","00:46:53","2","90"
Löpning,2025-12-06 16:09:47,false,"Mölndal Löpning","9.74","750","00:52:24","166","186","4.3","153","243","5:23","3:24","370","342","1.19","8.7","10.1","283","4:50","366","0.0","330","564","--","--","--","8,136","-12","Nej","00:06:24.0","7","--","--","--","00:51:35","00:52:24","22","133"
Löpning,2025-12-04 19:44:17,false,"Mölndal Löpning","8.88","621","00:49:55","144","154","3.0","160","243","5:37","3:45","242","248","1.12","8.9","9.8","284","5:20","322","0.0","312","462","--","--","--","7,994","-9","Nej","00:49:55","1","--","--","--","00:49:49","00:49:55","9","87"
Löpning,2025-12-02 18:18:46,false,"Göteborg Löpning","9.51","684","00:54:59","149","188","3.5","135","200","5:47","2:55","219","208","1.25","8.5","10.3","278","5:15","369","0.0","305","668","--","--","--","7,762","-10","Nej","00:00:50.7","7","--","--","--","00:49:06","00:54:59","46","149"
Löpning,2025-12-01 20:00:46,false,"Mölndal Löpning","6.56","465","00:38:43","140","152","2.6","159","179","5:54","3:48","207","196","1.08","9.2","9.7","290","5:33","322","0.0","305","513","--","--","--","6,130","-7","Nej","00:38:43","1","--","--","--","00:38:42","00:38:43","2","99"
Löpning,2025-11-30 10:38:41,false,"Norrköping Löpning","13.96","1,147","01:42:56","146","168","3.3","135","250","7:22","4:18","318","287","0.99","9.7","9.5","325","7:01","262","0.0","234","446","--","--","--","14,524","--","Nej","01:42:56","1","17","17","17","01:38:08","01:42:56","82","149"
Löpning,2025-11-29 11:20:00,false,"Norrköping Löpning","7.55","775","00:49:33","180","188","4.4","127","250","6:34","3:16","273","274","1.09","9.3","9.8","314","6:01","308","0.0","248","644","--","--","--","7,062","-13","Nej","00:49:33","1","--","--","--","00:48:20","00:49:33","47","123"
Löpning,2025-11-27 18:08:58,false,"Mölndal Löpning","10.65","760","01:06:52","141","160","3.0","148","200","6:17","3:28","251","237","1.09","9.0","9.7","285","5:57","312","0.0","280","543","--","--","--","9,998","-10","Nej","01:06:52","1","--","--","--","01:02:40","01:06:52","-8","69"
Löpning,2025-11-26 17:58:20,false,"Göteborg Löpning","10.34","708","01:01:44","140","155","2.9","157","181","5:58","3:39","240","195","1.07","9.3","9.8","294","5:43","316","0.0","296","662","--","--","--","9,686","-11","Nej","01:01:44","1","--","--","--","01:01:42","01:01:44","16","103"
Löpning,2025-11-25 18:04:52,false,"Göteborg Löpning","9.81","868","01:14:02","150","192","4.9","113","231","7:33","3:11","302","306","1.11","9.1","9.9","297","6:57","292","0.0","221","683","--","--","--","9,182","-13","Nej","00:01:50.0","6","--","--","--","00:59:00","01:14:02","31","125"
Löpning,2025-11-24 21:17:24,false,"Mölndal Löpning","7.60","551","00:42:43","147","172","3.1","157","231","5:37","3:55","230","217","1.14","9.0","10.2","290","5:10","348","0.0","323","538","--","--","--","6,684","-9","Nej","00:42:43","1","--","--","--","00:42:43","00:42:43","-3","114"
Löpning,2025-11-17 18:25:15,false,"Göteborg Löpning","9.71","760","01:04:36","146","164","3.1","143","246","6:39","4:11","298","287","1.06","9.4","9.7","307","6:14","298","0.0","265","494","--","--","--","9,524","-13","Nej","01:04:36","1","--","--","--","01:02:32","01:04:36","20","77"
Löpning,2025-11-16 10:04:58,false,"Göteborg Löpning","10.73","787","01:45:13","108","155","2.4","98","183","9:48","3:29","340","291","1.04","9.1","9.3","287","8:57","285","0.0","184","543","--","--","--","10,612","-21","Nej","01:45:13","1","--","--","--","01:06:40","01:45:13","-10","96"
Löpning,2025-11-15 10:54:12,false,"Göteborg Löpning","6.58","691","01:23:31","126","181","3.0","70","247","12:42","3:11","300","283","1.05","9.3","9.4","319","10:51","279","0.0","140","625","--","--","--","6,696","-11","Nej","00:10:52","2","--","--","--","00:45:19","01:23:31","43","131"
Löpning,2025-11-12 10:14:33,false,"Göteborg Löpning","8.04","570","00:45:05","145","154","2.9","161","209","5:36","3:36","198","210","1.12","8.9","9.8","282","5:19","332","0.0","320","608","--","--","--","7,254","-10","Nej","00:45:05","1","--","--","--","00:45:04","00:45:05","24","89"
Löpning,2025-11-11 18:04:24,false,"Göteborg Löpning","13.56","1,047","01:26:53","151","187","4.0","118","240","6:24","2:54","226","217","1.27","8.5","10.3","281","6:09","348","0.0","259","809","--","--","--","10,878","--","Nej","00:00:45.6","17","15","15","15","01:10:06","01:26:53","48","119"
Löpning,2025-11-10 10:17:59,false,"Göteborg Löpning","7.82","538","00:42:22","145","164","3.0","155","188","5:25","3:31","159","127","1.19","8.6","10.2","277","5:12","346","0.0","320","635","--","--","--","6,566","-11","Nej","00:42:22","1","--","--","--","00:40:50","00:42:22","38","89"
Löpning,2025-11-09 19:01:06,false,"Göteborg Löpning","9.58","739","01:01:50","147","165","3.1","142","173","6:27","3:50","288","278","1.08","9.4","9.9","305","5:59","307","0.0","266","543","--","--","--","9,152","-12","Nej","01:01:50","1","--","--","--","00:59:48","01:01:50","14","101"
Löpning,2025-11-08 10:53:49,false,"Göteborg Löpning","14.74","1,053","01:26:41","147","179","3.7","140","194","5:53","3:18","446","431","1.22","8.4","10.2","273","5:22","373","0.0","299","628","--","--","--","12,296","-22","Nej","00:02:02.7","6","--","--","--","01:18:07","01:26:41","9","90"
Löpning,2025-11-07 18:22:00,false,"Göteborg Löpning","13.22","959","01:11:50","154","184","4.3","151","181","5:26","3:40","370","379","1.22","8.6","10.3","281","5:04","350","0.0","314","613","--","--","--","10,992","-12","Nej","00:17:45","3","--","--","--","01:09:52","01:11:50","2","85"
Löpning,2025-11-06 15:38:17,false,"Göteborg Löpning","10.18","723","01:06:08","135","170","3.0","144","183","6:30","3:07","262","237","1.08","9.3","9.6","297","6:03","309","0.0","269","562","--","--","--","9,714","-13","Nej","01:06:08","1","--","--","--","01:02:48","01:06:08","-9","103"
Löpning,2025-11-05 17:42:11,false,"Göteborg Löpning","11.94","1,049","01:38:46","138","179","3.5","110","245","8:16","3:12","432","412","1.01","9.4","9.3","313","7:31","282","0.0","205","575","--","--","--","12,004","-19","Nej","00:13:03","5","--","--","--","01:21:16","01:52:04","1","95"
Löpning,2025-11-03 18:47:06,false,"Göteborg Löpning","0.83","66","00:05:14.9","144","163","1.2","145","167","6:20","4:47","34","15","1.09","9.1","9.7","294","5:27","353","0.0","305","498","--","--","--","812","-1","Nej","00:05:14.9","1","--","--","--","00:05:11","00:05:14.9","38","67"
Löpning,2025-11-03 17:14:10,false,"Göteborg Löpning","0.83","66","00:05:04.4","143","154","1.4","156","169","6:08","4:13","47","17","1.10","9.2","9.9","296","5:03","375","0.0","351","478","--","--","--","788","--","Nej","00:05:04.4","1","--","--","--","00:05:04","00:05:04.4","49","90"
Löpning,2025-11-03 16:05:33,false,"Göteborg Löpning","8.71","602","00:52:12","136","158","2.8","145","175","6:00","3:37","176","179","1.16","8.9","10.3","287","5:46","324","0.0","289","556","--","--","--","7,570","-9","Nej","00:52:12","1","--","--","--","00:48:09","00:52:12","31","79"
Löpning,2025-11-02 11:17:11,false,"Norrköping Löpning","12.61","1,091","01:42:09","149","171","3.3","124","250","8:06","4:12","332","307","0.95","9.8","9.0","338","7:31","246","0.0","204","441","--","--","--","13,922","-22","Nej","01:42:09","1","--","--","--","01:38:13","01:42:09","20","73"
Löpning,2025-10-31 17:31:28,false,"Norrköping Löpning","7.69","575","00:54:10","144","187","3.6","90","192","7:03","2:33","137","117","1.56","7.0","10.2","239","6:48","378","0.0","221","740","--","--","--","5,118","-9","Nej","00:00:57.3","20","--","--","--","00:32:12","00:54:10","4","35"
Löpning,2025-10-30 18:35:48,false,"Norrköping Löpning","6.35","550","00:55:38","133","168","2.8","119","250","8:46","3:48","166","169","0.93","9.7","8.9","358","8:13","245","0.0","190","541","--","--","--","7,048","-8","Nej","00:55:38","1","--","--","--","00:50:30","00:55:38","13","64"
Löpning,2025-10-27 05:54:48,false,"Göteborg Löpning","1.25","109","00:15:26","106","146","0.8","71","176","12:20","3:41","42","46","1.03","8.9","8.9","292","12:25","254","0.0","129","495","--","--","--","1,132","-3","Nej","00:15:26","1","--","--","--","00:07:32","00:15:26","34","67"
Löpning,2025-10-26 18:31:07,false,"Göteborg Löpning","9.63","829","00:58:54","161","181","3.8","142","182","6:07","3:18","294","275","1.13","9.3","10.2","315","5:42","341","0.0","294","585","--","--","--","8,706","-10","Nej","00:15:01","3","--","--","--","00:58:22","00:58:54","27","83"
Löpning,2025-10-23 17:51:36,false,"Göteborg Löpning","8.93","673","01:02:57","138","161","2.8","132","246","7:03","2:09","255","252","1.08","9.3","9.8","296","6:34","310","0.0","256","779","--","--","--","8,456","-10","Nej","01:02:57","1","--","--","--","00:53:59","01:02:57","-4","92"
Löpning,2025-10-19 11:01:37,false,"Uddevalla Löpning","8.38","866","01:06:21","156","186","4.1","112","250","7:55","2:16","347","346","1.02","9.6","9.4","322","7:09","281","0.0","209","549","--","--","--","8,290","-12","Nej","01:06:21","1","--","--","--","00:57:24","01:06:23","20","149"
Löpning,2025-10-17 16:16:34,false,"Göteborg Löpning","13.92","1,008","01:17:30","145","168","3.4","154","224","5:34","2:53","372","349","1.18","8.6","10.1","278","5:09","347","0.0","315","700","--","--","--","12,016","-14","Nej","01:17:30","1","--","--","--","01:14:41","01:17:30","9","124"
Löpning,2025-10-15 17:22:40,false,"Göteborg Löpning","9.79","760","01:15:13","134","166","2.8","118","222","7:41","3:38","305","282","1.09","9.1","9.8","294","7:07","307","0.0","229","515","--","--","--","9,188","-11","Nej","01:15:13","1","--","--","--","00:58:34","01:15:13","4","100"
Löpning,2025-10-11 17:27:45,false,"Göteborg Löpning","15.16","1,083","01:35:58","141","158","3.1","147","244","6:20","3:37","442","416","1.08","9.3","9.8","301","5:49","308","0.0","284","540","--","--","--","14,466","-16","Nej","01:35:58","1","--","--","--","01:33:32","01:35:58","21","123"
Löpning,2025-10-10 15:58:41,false,"Göteborg Löpning","9.01","632","00:51:26","138","164","3.1","142","198","5:42","2:49","174","198","1.23","8.1","9.9","262","5:33","346","0.0","297","538","--","--","--","7,378","-10","Nej","00:51:26","1","--","--","--","00:44:29","00:51:26","26","86"
Löpning,2025-10-08 10:13:01,false,"Göteborg Löpning","12.72","895","01:14:52","142","157","3.0","155","244","5:53","4:00","309","303","1.10","8.9","9.7","283","5:34","317","0.0","297","496","--","--","--","11,636","-17","Nej","01:14:52","1","--","--","--","01:12:20","01:14:52","40","105"
Löpning,2025-10-07 17:57:45,false,"Göteborg Löpning","9.12","724","00:56:59","152","184","3.4","128","214","6:15","3:09","289","281","1.22","8.6","10.1","278","5:39","345","0.0","278","685","--","--","--","7,492","-11","Nej","00:00:20.0","12","--","--","--","00:48:11","00:56:59","28","84"
Löpning,2025-10-06 16:44:37,false,"Göteborg Löpning","7.54","501","00:39:16","143","157","2.6","161","177","5:12","4:06","139","134","1.19","8.6","10.2","278","5:03","334","0.0","328","464","--","--","--","6,306","-9","Nej","00:39:16","1","--","--","--","00:39:16","00:39:16","37","82"
Löpning,2025-10-05 11:18:51,false,"Kungälv Löpning","7.16","664","00:50:52","155","182","3.5","123","200","7:06","2:27","243","257","1.08","9.3","9.6","307","6:43","288","0.0","233","556","--","--","--","6,856","-12","Nej","00:50:52","1","--","--","--","00:46:05","00:50:52","13","83"
Löpning,2025-10-03 20:29:26,false,"Mölndal Löpning","11.78","1,261","01:33:04","162","183","4.1","117","250","7:54","3:04","469","450","1.02","9.5","9.2","328","7:12","268","0.0","207","571","--","--","--","12,528","-13","Nej","01:33:04","1","--","--","--","01:24:12","01:33:04","11","105"
Löpning,2025-10-03 08:01:57,false,"Göteborg Löpning","2.10","160","00:11:35","153","169","2.1","148","178","5:30","3:12","68","45","1.21","8.6","10.2","277","4:59","379","0.0","333","561","--","--","--","1,764","-3","Nej","00:11:35","1","--","--","--","00:11:20","00:11:35","43","76"
Löpning,2025-10-02 17:12:31,false,"Göteborg Löpning","14.25","1,008","01:30:23","134","160","3.0","149","231","6:21","3:43","428","421","1.06","9.1","9.6","290","5:48","313","0.0","281","535","--","--","--","13,690","-19","Nej","01:30:23","1","12","12","12","01:25:54","01:30:23","19","101"
Löpning,2025-10-01 17:20:21,false,"Göteborg - 6*2k + 4*400m","12.45","808","00:55:44","158","183","3.9","160","208","4:29","2:50","151","139","1.37","7.3","9.7","240","4:22","399","0.0","356","607","--","--","--","9,032","-13","Nej","00:00:00.7","17","--","--","--","00:55:13","00:55:44","-17","61"
Löpning,2025-09-30 17:50:46,false,"Göteborg Löpning","9.52","605","01:09:35","106","149","2.1","134","174","7:19","4:21","266","277","1.02","9.5","9.4","303","6:52","292","0.0","237","547","--","--","--","9,574","-9","Nej","01:09:35","1","--","--","--","01:01:48","01:09:35","23","88"
Löpning,2025-09-29 17:16:28,false,"Göteborg Löpning","18.29","1,272","02:01:05","129","163","3.2","133","177","6:37","3:21","435","402","1.13","8.9","10.0","287","6:14","318","0.0","265","580","--","--","--","16,314","-22","Nej","02:01:05","1","--","--","--","01:43:42","02:01:05","9","118"
Löpning,2025-09-28 18:02:33,false,"Göteborg Löpning","11.51","942","01:31:48","137","170","3.1","89","250","7:58","1:49","426","447","0.98","9.7","9.0","324","7:30","249","0.0","155","754","--","--","--","9,508","-13","Nej","00:05:14.4","7","--","--","--","01:14:31","01:31:48","32","113"
Löpning,2025-09-27 17:34:57,false,"Göteborg Löpning","11.87","818","01:06:13","142","159","3.0","154","222","5:35","3:52","147","145","1.17","8.7","10.1","280","5:26","312","0.0","299","448","--","--","--","10,294","-10","Nej","01:06:13","1","--","--","--","01:04:34","01:06:13","5","64"
Löpning,2025-09-27 11:09:47,false,"Göteborg Löpning","9.20","909","01:29:37","142","186","4.0","89","231","9:45","2:08","314","312","1.08","9.1","9.5","305","8:45","278","0.0","170","568","--","--","--","8,802","-16","Nej","01:29:37","1","--","--","--","00:59:47","01:29:37","50","116"
Löpning,2025-09-26 17:35:18,false,"Göteborg Löpning","14.19","980","01:19:44","143","162","3.2","155","185","5:37","3:30","323","324","1.16","9.0","10.2","288","5:17","324","0.0","310","506","--","--","--","12,326","-15","Nej","01:19:44","1","--","--","--","01:18:25","01:19:44","38","107"
Löpning,2025-09-25 09:04:19,false,"Göteborg Löpning","8.33","548","00:45:40","139","154","2.6","161","187","5:29","3:59","172","162","1.13","8.8","9.9","281","5:17","326","0.0","314","528","--","--","--","7,332","-12","Nej","00:45:40","1","--","--","--","00:45:39","00:45:40","26","86"
Löpning,2025-09-23 18:27:20,false,"Göteborg - 8*3 min + 6*400m","14.60","940","01:13:49","146","176","3.6","143","186","5:03","2:47","244","252","1.38","7.8","10.2","258","4:54","394","0.0","328","642","--","--","--","10,838","--","Nej","00:00:01.2","29","22","22","23","01:10:04","01:13:49","18","70"
Löpning,2025-09-22 19:36:49,false,"Göteborg Löpning","8.33","556","00:47:49","137","148","2.5","157","179","5:45","3:53","181","170","1.12","9.1","10.1","290","5:29","322","0.0","312","461","--","--","--","7,512","-8","Nej","00:47:49","1","--","--","--","00:47:40","00:47:49","30","89"
Löpning,2025-09-21 10:11:02,false,"Motala Löpning","14.61","1,337","01:43:33","160","182","4.4","121","212","7:05","2:38","233","232","1.09","9.3","9.9","318","6:56","288","0.0","225","557","--","--","--","13,542","-22","Nej","00:00:35.0","3","--","--","--","01:32:51","01:43:35","89","127"
Löpning,2025-09-19 20:32:45,false,"Linköping Löpning","10.99","1,119","01:26:51","157","187","4.5","111","185","7:54","2:50","315","314","1.06","9.5","9.8","324","7:29","272","0.0","205","579","--","--","--","10,716","-14","Nej","00:19:05","2","--","--","--","01:13:23","01:26:51","55","102"
Löpning,2025-09-18 19:45:06,false,"Norrköping Löpning","8.37","735","00:59:21","155","181","3.4","127","173","7:06","3:56","207","210","1.07","9.4","9.9","332","6:42","281","0.0","236","513","--","--","--","8,126","-10","Nej","00:02:30.6","2","--","--","--","00:56:14","00:59:21","25","65"
Löpning,2025-09-17 19:42:25,false,"Norrköping Löpning","13.48","991","01:27:44","143","182","3.9","116","231","6:30","3:24","276","287","1.32","8.4","10.8","281","6:18","342","0.0","259","568","--","--","--","10,420","-15","Nej","00:07:36.2","5","--","--","--","01:07:16","01:27:44","15","56"
Löpning,2025-09-16 18:43:21,false,"Norrköping Löpning","4.45","270","00:19:48","144","163","2.6","160","167","4:27","3:18","18","42","1.40","7.9","11.1","264","4:29","366","0.0","360","473","--","--","--","3,148","-5","Nej","00:19:48","1","--","--","--","00:19:47","00:19:48","9","35"
Cykling,2025-09-16 17:16:18,false,"Norrköping Cykling","11.41","549","01:08:58","123","166","2.3","--","--","9.9","31.3","182","151","--","--","--","--","--","--","0.0","--","--","--","--","--","--","-11","Nej","00:14:05","3","--","--","--","00:52:02","01:08:58","7","51"
Löpning,2025-09-15 18:15:55,false,"Norrköping Löpning","5.43","547","00:54:00","137","172","2.4","102","250","9:57","2:22","216","211","0.90","9.8","8.4","364","9:01","226","0.0","161","553","--","--","--","6,418","-6","Nej","00:24:23","2","--","--","--","00:46:28","00:54:00","74","114"
Löpning,2025-09-14 11:27:42,false,"Hallsberg Löpning","2.46","175","00:16:40","127","151","1.5","146","170","6:46","4:00","37","24","1.03","9.1","9.2","285","6:31","280","0.0","248","446","--","--","--","2,472","-4","Nej","00:16:40","1","--","--","--","00:15:32","00:16:40","166","186"
Löpning,2025-09-14 09:33:18,false,"Hallsberg Löpning","14.17","1,270","01:40:17","158","179","4.2","122","250","7:05","2:55","431","419","1.07","9.3","9.5","327","6:39","286","0.0","227","618","--","--","--","13,850","-24","Nej","01:40:17","1","--","--","--","01:34:20","01:40:17","90","199"
Löpning,2025-09-13 10:05:09,false,"Hallsberg Löpning","13.65","1,327","01:42:54","158","178","4.1","115","250","7:32","3:10","408","347","1.05","9.4","9.6","341","7:06","268","0.0","209","535","--","--","--","13,388","-24","Nej","01:42:54","1","--","--","--","01:34:31","01:42:54","114","192"
Löpning,2025-09-12 18:40:55,false,"Norrköping Löpning","9.44","584","00:50:20","136","147","2.7","150","177","5:20","4:04","91","90","1.24","8.8","10.8","289","5:15","332","0.0","318","459","--","--","--","7,624","-12","Nej","00:50:20","1","--","--","--","00:49:55","00:50:20","4","50"
Löpning,2025-09-11 17:59:41,false,"Göteborg Löpning","10.60","729","01:18:14","124","154","2.5","123","181","7:23","2:48","306","289","1.10","9.1","9.7","289","6:53","297","0.0","235","618","--","--","--","9,740","-14","Nej","01:18:14","1","--","--","--","01:01:45","01:18:14","1","85"
Löpning,2025-09-10 18:06:18,false,"Göteborg Löpning","7.10","717","00:54:34","162","184","3.5","103","250","7:41","2:49","301","304","1.08","9.3","9.7","318","6:40","304","0.0","208","702","--","--","--","6,946","-11","Nej","00:00:14.4","9","--","--","--","00:45:51","00:54:34","58","118"
Löpning,2025-09-09 10:33:10,false,"Göteborg Löpning","8.30","570","00:42:50","150","167","3.1","159","177","5:10","3:21","165","161","1.22","8.7","10.5","281","5:01","334","0.0","328","463","--","--","--","6,776","-10","Nej","00:42:50","1","--","--","--","00:42:50","00:42:50","41","85"
Löpning,2025-09-08 18:16:52,false,"Norrköping Löpning","8.90","801","00:58:09","161","177","3.6","137","247","6:32","3:54","224","227","1.10","9.2","10.0","323","6:15","297","0.0","261","501","--","--","--","8,366","-12","Nej","00:58:09","1","--","--","--","00:56:26","00:58:09","95","134"
Löpning,2025-09-07 10:30:07,false,"Nyköping Löpning","9.17","907","01:07:06","157","187","4.3","123","192","7:19","2:53","280","281","1.04","9.6","9.6","320","6:47","280","0.0","222","631","--","--","--","9,336","-15","Nej","01:07:06","1","--","--","--","01:02:17","01:07:06","46","112"
Löpning,2025-09-06 10:45:36,false,"Nyköping Löpning","7.48","825","01:01:22","161","191","4.3","97","231","8:12","2:49","257","261","1.06","9.4","9.6","318","7:36","252","0.0","176","611","--","--","--","7,656","-14","Nej","00:18:06","2","--","--","--","00:53:17","01:01:22","43","104"
Löpning,2025-09-04 18:29:31,false,"Göteborg Löpning","11.25","817","01:09:49","141","164","3.2","137","214","6:13","2:47","226","215","1.17","8.8","10.1","282","5:56","315","0.0","273","503","--","--","--","9,724","-11","Nej","01:09:49","1","--","--","--","01:01:47","01:12:21","-2","72"
Löpning,2025-08-31 10:38:22,false,"Norrköping Löpning","14.95","1,369","01:53:07","160","185","4.4","122","250","7:34","3:47","413","417","1.03","9.5","9.5","326","7:13","261","0.0","215","519","--","--","--","15,024","-19","Nej","00:16:29","2","--","--","--","01:42:44","01:53:07","71","116"
Löpning,2025-08-30 12:33:07,false,"Norrköping Löpning","6.59","587","00:41:39","166","190","3.7","134","181","6:19","3:32","145","158","1.16","8.9","10.1","298","6:04","303","0.0","260","485","--","--","--","5,764","-12","Nej","00:41:39","1","--","--","--","00:38:39","00:41:39","59","84"
Löpning,2025-08-29 19:25:56,false,"Göteborg Löpning","9.29","687","00:53:45","150","165","3.1","150","245","5:47","3:20","249","246","1.17","9.0","10.2","299","5:30","324","0.0","301","501","--","--","--","8,136","-10","Nej","00:53:45","1","--","--","--","00:52:48","00:53:45","38","99"
Löpning,2025-08-27 18:23:05,false,"Göteborg Löpning","12.26","869","01:07:40","151","185","3.6","138","184","5:31","2:54","341","330","1.29","8.3","10.3","271","5:05","361","0.0","306","563","--","--","--","9,604","--","Nej","00:01:29.9","9","--","--","--","01:01:07","01:07:40","31","84"
Löpning,2025-08-26 18:03:49,false,"Göteborg Löpning","7.44","475","00:38:33","141","156","2.8","156","177","5:11","4:06","103","119","1.24","8.6","10.6","282","5:07","330","0.0","321","492","--","--","--","6,050","-15","Nej","00:38:33","1","--","--","--","00:38:28","01:16:50","19","72"
Löpning,2025-08-24 10:42:55,false,"Söderköping Löpning","12.59","1,235","01:26:27","173","186","4.9","131","228","6:52","3:04","387","375","1.04","9.5","9.6","321","6:27","288","0.0","240","589","--","--","--","12,440","-21","Nej","01:26:27","1","--","--","--","01:24:10","01:26:27","43","98"
Löpning,2025-08-23 12:00:26,false,"Söderköping Löpning","7.78","801","01:24:35","136","182","3.4","86","245","10:52","3:36","248","249","0.97","9.7","8.9","331","10:15","240","0.0","143","588","--","--","--","8,320","-16","Nej","01:24:35","1","--","--","--","00:59:21","01:24:35","30","90"
Löpning,2025-08-22 11:19:11,false,"Göteborg Löpning","8.60","626","00:55:26","139","166","2.9","144","188","6:27","4:16","193","193","1.08","8.8","9.4","277","6:06","307","0.0","267","456","--","--","--","8,022","-8","Nej","00:55:26","1","--","--","--","00:49:27","00:55:26","18","78"
Löpning,2025-08-21 18:52:49,false,"Göteborg Löpning","14.11","990","01:27:46","137","154","3.2","150","245","6:13","3:36","416","399","1.07","9.1","9.6","294","5:41","312","0.0","287","606","--","--","--","13,478","-12","Nej","01:27:46","1","--","--","--","01:25:28","01:27:46","15","120"
Löpning,2025-08-20 18:50:32,false,"Göteborg Löpning","13.19","863","01:04:12","148","170","3.9","152","237","4:52","3:33","267","254","1.35","7.9","10.6","261","4:38","381","0.0","354","537","--","--","--","9,800","-14","Nej","01:04:12","1","--","--","--","01:00:29","01:04:12","0","112"
Löpning,2025-08-19 20:29:19,false,"Göteborg Löpning","10.19","738","01:13:21","129","155","2.7","140","240","7:12","3:35","327","320","1.00","9.5","9.3","302","6:34","288","0.0","252","532","--","--","--","10,522","-9","Nej","01:13:21","1","--","--","--","01:06:55","01:13:21","22","97"
Löpning,2025-08-18 18:57:14,false,"Göteborg Löpning","15.52","1,141","01:45:30","138","165","3.2","143","244","6:48","4:02","413","403","1.03","9.4","9.6","301","6:17","288","0.0","257","475","--","--","--","15,394","-18","Nej","01:45:30","1","--","--","--","01:39:10","01:45:30","22","114"
Löpning,2025-08-16 18:19:16,false,"Göteborg Löpning","9.00","621","00:52:23","141","162","2.8","151","240","5:49","3:49","216","201","1.14","8.9","10.0","291","5:34","329","0.0","303","523","--","--","--","7,944","-9","Nej","00:52:23","1","--","--","--","00:50:44","00:52:23","36","90"
Löpning,2025-08-14 18:45:17,false,"Norrköping Löpning","10.30","833","01:08:05","150","186","3.6","128","177","6:37","3:57","276","271","1.15","9.1","10.3","295","6:17","316","0.0","258","575","--","--","--","9,084","-11","Nej","00:01:59.8","9","--","--","--","00:59:22","01:08:06","29","65"
Löpning,2025-08-12 18:25:44,false,"Norrköping Löpning","10.41","908","01:21:40","147","176","3.5","116","222","7:51","2:49","350","345","1.03","9.5","9.5","321","7:14","272","0.0","211","537","--","--","--","10,334","-14","Nej","01:21:40","1","--","--","--","01:11:39","01:21:43","28","103"
Löpning,2025-08-11 18:43:58,false,"Norrköping Löpning","10.60","947","01:28:05","142","172","3.2","116","250","8:19","4:01","403","437","0.99","9.7","9.3","327","7:29","262","0.0","203","513","--","--","--","11,306","-16","Nej","00:08:08.8","3","--","--","--","01:16:53","01:28:05","40","114"
Löpning,2025-08-10 19:17:11,false,"Norrköping Löpning","9.08","578","00:50:46","135","151","2.5","153","169","5:35","4:05","89","88","1.17","8.9","10.4","290","5:30","315","0.0","303","472","--","--","--","7,802","-8","Nej","00:50:46","1","--","--","--","00:50:11","00:50:46","3","45"
Löpning,2025-08-09 10:46:25,false,"Norrköping Löpning","17.83","1,223","01:50:48","138","167","3.2","152","231","6:13","2:01","587","582","1.06","9.2","9.6","291","6:04","288","0.0","271","1,005","--","--","--","16,870","-23","Nej","01:50:48","1","--","--","--","01:48:27","01:50:48","-295","64"
Löpning,2025-08-08 19:14:16,false,"Norrköping Löpning","13.88","932","01:17:27","142","154","3.1","158","169","5:35","4:33","163","158","1.13","9.0","10.2","288","5:31","306","0.0","302","450","--","--","--","12,188","-12","Nej","01:17:27","1","--","--","--","01:17:27","01:17:27","34","59"
Löpning,2025-08-07 18:25:44,false,"Linköping Löpning","6.32","672","00:46:07","168","184","3.9","114","250","7:18","2:54","187","216","1.06","9.5","9.9","328","6:53","262","0.0","210","586","--","--","--","6,124","-8","Nej","00:07:00.5","2","--","--","--","00:41:33","00:46:07","68","131"
Löpning,2025-08-06 18:28:22,false,"Norrköping Löpning","9.09","614","00:44:13","153","169","3.4","156","211","4:52","3:43","88","92","1.32","8.4","11.0","278","4:48","353","0.0","348","462","--","--","--","6,882","-8","Nej","00:44:13","1","--","--","--","00:44:12","00:44:13","-2","40"
Löpning,2025-08-05 16:14:24,false,"Norrköping Löpning","3.84","259","00:20:05","144","162","2.4","153","179","5:13","4:13","61","39","1.25","8.6","10.7","281","5:08","358","0.0","342","510","--","--","--","3,090","-4","Nej","00:20:05","1","--","--","--","00:19:33","00:20:05","5","40"
Löpning,2025-08-04 11:30:17,false,"Norrköping Löpning","12.60","1,298","01:48:23","156","185","4.0","109","250","8:36","4:22","246","248","1.00","9.7","9.5","335","8:16","238","0.0","184","546","--","--","--","13,098","-20","Nej","00:20:52","2","--","--","--","01:31:42","01:48:23","-10","30"
Löpning,2025-08-01 18:23:12,false,"Alvesta Löpning","9.39","621","00:48:37","145","159","3.0","158","179","5:11","4:04","110","103","1.22","8.6","10.4","279","5:05","327","0.0","319","466","--","--","--","7,682","-10","Nej","00:01:48.4","11","--","--","--","00:48:27","00:48:37","146","191"
Löpning,2025-07-31 19:01:51,false,"Alvesta Löpning","7.12","469","00:36:10","147","158","2.8","152","179","5:05","4:15","70","76","1.30","8.5","10.9","279","5:02","338","0.0","323","411","--","--","--","5,516","-6","Nej","00:36:10","1","--","--","--","00:35:07","00:36:10","143","196"
Löpning,2025-07-26 10:50:09,false,"Jönköping Löpning","14.83","1,341","01:55:33","147","178","4.1","112","250","7:48","2:52","403","414","1.11","9.2","9.7","306","7:24","286","0.0","214","552","--","--","--","13,710","-24","Nej","00:23:18","2","--","--","--","01:32:31","01:55:33","203","331"
Löpning,2025-07-25 08:44:52,false,"Jönköping Löpning","14.98","1,308","01:46:45","152","178","4.1","118","182","7:08","3:15","256","255","1.14","9.2","10.2","313","7:00","287","0.0","227","560","--","--","--","13,230","-23","Nej","00:19:59","2","--","--","--","01:30:08","01:46:45","219","271"
Löpning,2025-07-24 12:37:32,false,"Jönköping Löpning","7.47","761","01:06:57","145","185","3.7","101","246","8:57","2:55","316","313","1.05","9.5","9.6","316","8:09","271","0.0","188","603","--","--","--","7,300","-14","Nej","00:22:16","2","--","--","--","00:50:10","01:06:57","230","322"
Löpning,2025-07-22 10:56:04,false,"Jönköping Löpning","8.08","753","01:01:27","146","183","3.4","109","177","7:36","2:55","194","195","1.10","9.3","9.9","308","7:21","287","0.0","210","565","--","--","--","7,558","--","Nej","00:23:21","2","--","--","--","00:50:28","01:01:27","217","271"
