Aktivitetstyp,Datum,Favorit,Namn,Distans,Kalorier,Tid,Medelpuls,Maxpuls,Aerobisk Training Effect,Medelcykelkadens,Maximal cykelkadens,Medelfart,Maxfart,Total stigning,Totalt nedför,Medelsteglängd,Training Stress Score®,Steg,Totalt antal repetitioner,Totalt antal set,Dekompression,Bästa varvtid,Antal varv,Färdtid,Total tid,Min. höjd,Max. höjd
Styrketräning,2026-03-03 20:32:21,false,"Strength","0.00","202","00:25:14","112","157","1.0","--","--","--","--","--","--","--","0.0","78","39","5","Nej","00:25:14","1","00:16:42","00:25:14","--","--"
Löpband,2026-03-03 19:52:29,false,"Löpband","3.61","310","00:20:08","149","174","2.7","170","180","5:35","3:24","--","--","1.34","0.0","3,404","--","--","Nej","00:02:15.4","5","00:19:55","00:20:08","--","--"
Löpning,2026-03-01 14:06:27,false,"Göteborg Löpning","15.20","1,226","01:22:05","151","169","3.8","168","184","5:24","4:30","209","208","1.10","0.0","13,850","--","--","Nej","00:01:09.2","16","01:21:44","01:22:18","9","89"
Löpband,2026-02-28 10:24:01,false,"Löpband","6.38","477","00:31:25","152","190","2.9","152","195","4:55","3:48","--","--","1.12","0.0","3,496","--","--","Nej","00:02:06.2","6","00:26:11","00:40:59","--","--"
Löpband,2026-02-26 16:12:00,false,"Löpband","6.70","526","00:32:58","158","190","3.5","161","200","4:55","4:19","--","--","1.10","0.0","5,228","--","--","Nej","00:00:47.3","12","00:29:13","00:34:48","--","--"
Löpband,2026-02-24 19:21:25,false,"Löpband","7.30","635","00:44:52","146","183","3.1","164","270","6:09","3:23","--","--","1.05","0.0","7,178","--","--","Nej","00:04:34.6","8","00:41:42","00:44:52","--","--"
Löpband,2026-02-22 20:17:40,false,"Löpband","8.25","694","00:42:01","159","169","3.7","173","180","5:06","4:20","--","--","1.11","0.0","7,026","--","--","Nej","00:00:32.1","9","00:41:46","00:42:11","--","--"
Löpband,2026-02-17 18:56:35,false,"Löpband","8.60","683","00:51:33","142","177","2.8","164","194","6:00","3:04","--","--","1.29","0.0","8,414","--","--","Nej","00:04:29.0","11","00:49:03","00:53:26","--","--"
Löpning,2026-02-15 19:23:23,false,"Göteborg Löpning","10.72","868","00:50:40","165","188","4.4","171","187","4:44","2:52","116","109","1.23","0.0","8,650","--","--","Nej","00:03:11.8","11","00:50:34","00:50:42","4","96"
Löpband,2026-02-13 17:43:22,false,"Löpband","7.04","537","00:31:51","162","182","3.5","171","182","4:32","3:50","--","--","1.29","0.0","5,430","--","--","Nej","00:00:09.8","8","00:31:41","00:31:51","--","--"
Löpband,2026-02-11 21:46:28,false,"Löpband","11.30","982","00:59:52","165","193","4.8","145","240","5:18","3:18","--","--","1.08","0.0","8,556","--","--","Nej","00:00:54.6","20","00:48:06","01:01:18","--","--"
Löpband,2026-02-09 18:54:50,false,"Löpband","8.50","548","00:45:53","136","180","2.5","159","192","5:24","2:46","--","--","1.28","0.0","7,294","--","--","Nej","00:01:41.9","10","00:42:47","00:47:29","--","--"
Löpband,2026-02-06 17:52:12,false,"Löpband","9.45","728","00:47:31","156","195","3.6","152","240","5:02","2:47","--","--","1.24","0.0","6,802","--","--","Nej","00:04:28.2","9","00:39:57","00:54:52","--","--"
Styrketräning,2026-02-02 22:17:21,false,"Strength","0.00","168","00:28:20","98","139","0.3","--","--","--","--","--","--","--","0.0","50","25","3","Nej","00:28:20","1","00:05:16.7","00:28:20","--","--"
Löpband,2026-02-02 21:38:50,false,"Löpband","6.13","495","00:30:20","156","168","3.2","170","176","4:57","4:20","--","--","1.17","0.0","5,136","--","--","Nej","00:00:16.5","7","00:30:15","00:30:33","--","--"
Löpning,2026-02-01 13:15:12,false,"Göteborg Löpning","13.64","1,142","01:14:12","151","164","3.7","168","184","5:26","4:11","176","164","1.10","0.0","12,468","--","--","Nej","00:03:30.5","14","01:13:25","01:15:20","4","97"
Löpband,2026-01-30 17:58:20,false,"Löpband","7.50","603","00:44:48","143","176","2.6","167","240","5:58","3:09","--","--","1.08","0.0","7,454","--","--","Nej","00:00:26.8","9","00:44:20","00:45:01","--","--"
Styrketräning,2026-01-27 21:09:33,false,"Strength","0.00","141","00:19:16","106","143","0.4","--","--","--","--","--","--","--","0.0","62","31","3","Nej","00:19:16","1","00:07:25.1","00:19:16","--","--"
Löpband,2026-01-27 20:30:02,false,"Löpband","5.12","414","00:30:11","143","163","2.4","169","176","5:54","4:50","--","--","1.01","0.0","5,080","--","--","Nej","00:00:43.2","6","00:29:58","00:30:11","--","--"
Löpband,2026-01-26 22:01:47,false,"Löpband","9.00","727","00:45:01","161","191","4.0","160","240","5:00","4:21","--","--","1.12","0.0","7,148","--","--","Nej","00:01:00","12","00:41:52","00:50:12","--","--"
Löpband,2026-01-24 13:04:25,false,"Löpband","14.00","1,203","01:17:32","156","188","4.2","169","180","5:32","4:07","--","--","1.13","0.0","13,106","--","--","Nej","00:04:25.1","15","01:17:08","01:18:03","--","--"
Löpband,2026-01-21 19:25:34,false,"Löpband","7.00","579","00:41:50","148","185","3.0","163","174","5:59","4:27","--","--","1.17","0.0","6,850","--","--","Nej","00:04:50.4","8","00:41:04","00:41:50","--","--"
Löpning,2026-01-19 20:53:46,false,"Göteborg Löpning","10.65","890","00:52:25","164","191","4.4","167","175","4:55","3:55","113","113","1.21","0.0","8,784","--","--","Nej","00:03:00.1","11","00:52:13","00:54:15","3","98"
Löpning,2026-01-16 15:08:02,false,"Göteborg Löpning","10.70","945","01:01:28","153","182","3.6","165","179","5:45","3:28","124","122","1.05","0.0","10,156","--","--","Nej","00:04:08.3","11","01:01:25","01:01:31","4","97"
Löpband,2026-01-14 21:32:07,false,"Löpband","7.50","597","00:36:41","160","188","3.7","171","180","4:54","4:24","--","--","1.16","0.0","6,222","--","--","Nej","00:01:38.0","8","00:36:28","00:36:41","--","--"
Löpband,2026-01-13 20:05:19,false,"Löpband","9.07","640","00:48:06","145","180","2.9","165","179","5:18","4:11","--","--","1.14","0.0","7,946","--","--","Nej","00:00:21.3","10","00:47:37","00:48:06","--","--"
Löpband,2026-01-11 19:31:30,false,"Löpband","12.45","1,014","01:04:26","158","190","4.4","168","190","5:10","4:52","--","--","1.00","0.0","10,832","--","--","Nej","00:05:26.3","11","01:04:06","01:05:13","--","--"
Löpband,2026-01-10 18:27:54,false,"Löpband","10.05","776","01:01:23","142","162","2.8","166","173","6:06","5:12","--","--","1.06","0.0","10,156","--","--","Nej","00:00:40.1","12","01:01:11","01:01:37","--","--"
Löpband,2026-01-08 22:42:06,false,"Löpband","1.97","189","00:10:33","170","194","2.7","173","182","5:22","4:56","--","--","1.08","0.0","1,802","--","--","Nej","00:05:00.4","2","00:10:16","00:10:40","--","--"
Löpband,2026-01-08 22:08:36,false,"Löpband","5.13","531","00:30:20","168","191","3.8","157","225","5:55","4:07","--","--","1.04","0.0","4,730","--","--","Nej","00:00:07.9","11","00:26:54","00:30:20","--","--"
Löpband,2026-01-06 21:49:09,false,"Löpband","3.61","252","00:20:06","135","150","2.0","166","171","5:34","5:12","--","--","1.08","0.0","3,330","--","--","Nej","00:03:28.9","4","00:20:03","00:20:06","--","--"
Löpband,2026-01-05 18:33:09,false,"Löpband","7.30","695","00:39:54","166","199","4.2","169","182","5:28","3:53","--","--","1.32","0.0","6,724","--","--","Nej","00:04:08.7","9","00:39:48","00:39:54","--","--"
Löpband,2026-01-03 21:06:16,false,"Löpband","6.85","618","00:30:12","184","201","5.0","171","176","4:24","4:32","--","--","1.13","0.0","5,140","--","--","Nej","00:04:17.3","6","00:29:58","00:30:12","--","--"
Löpband,2025-12-30 17:00:52,false,"Löpband","5.40","477","00:30:16","150","182","3.2","168","174","5:36","4:51","--","--","1.06","0.0","5,070","--","--","Nej","00:02:10.6","6","00:30:14","00:30:16","--","--"
Löpning,2025-12-27 14:30:25,false,"Strömstad Löpning","8.23","688","00:42:52","149","185","3.5","167","187","5:13","3:48","125","128","1.15","0.0","7,166","--","--","Nej","00:01:07.0","9","00:42:46","00:42:56","4","29"
Löpning,2025-12-21 13:36:40,false,"Göteborg Löpning","13.71","1,134","01:13:49","145","161","3.9","168","179","5:23","4:30","176","176","1.10","0.0","12,402","--","--","Nej","00:04:12.1","14","01:13:47","01:13:49","3","97"
Löpband,2025-12-19 19:40:41,false,"Löpband","6.38","483","00:36:31","137","161","2.6","166","174","5:44","5:02","--","--","1.05","0.0","6,078","--","--","Nej","00:02:20.3","7","00:36:14","00:36:31","--","--"
Löpband,2025-12-18 09:15:37,false,"Löpband","8.94","799","00:57:52","151","183","4.2","142","223","6:28","3:16","--","--","1.03","0.0","8,142","--","--","Nej","00:00:31.5","17","00:46:45","01:00:42","--","--"
Löpband,2025-12-15 21:45:52,false,"Löpband","8.32","695","00:47:53","145","178","3.4","168","176","5:45","4:46","--","--","1.02","0.0","8,016","--","--","Nej","00:01:14.2","9","00:47:43","00:47:53","--","--"
Löpning,2025-12-13 19:38:58,false,"Göteborg Löpning","10.57","864","00:53:17","157","186","4.4","169","176","5:02","4:06","129","126","1.18","0.0","8,978","--","--","Nej","00:03:30.5","11","00:53:12","00:53:17","3","98"
Löpband,2025-12-10 20:20:23,false,"Löpband","10.05","953","01:01:22","158","189","4.7","148","220","6:06","3:16","--","--","1.01","0.0","8,836","--","--","Nej","00:01:00.2","19","00:50:54","01:01:50","--","--"
Löpband,2025-12-08 21:24:31,false,"Löpband","7.43","641","00:42:48","148","181","3.5","168","182","5:46","3:47","--","--","1.03","0.0","7,166","--","--","Nej","00:02:44.7","8","00:42:45","00:42:48","--","--"
Löpband,2025-12-07 13:19:03,false,"Löpband","6.20","543","00:32:53","158","187","3.8","171","182","5:18","3:40","--","--","1.10","0.0","5,616","--","--","Nej","00:01:22.1","7","00:32:49","00:32:53","--","--"
Löpband,2025-12-04 19:09:44,false,"Löpband","11.01","948","01:02:10","152","188","4.1","169","184","5:39","3:25","--","--","1.05","0.0","10,470","--","--","Nej","00:00:04.8","12","01:02:03","01:02:36","--","--"
Löpband,2025-12-03 21:40:45,false,"Löpband","7.01","572","00:41:17","141","160","3.0","169","182","5:53","4:22","--","--","1.00","0.0","6,958","--","--","Nej","00:00:09.9","8","00:40:59","00:42:38","--","--"
Löpband,2025-11-26 21:57:23,false,"Löpband","7.02","639","00:40:59","150","181","3.6","170","180","5:50","3:51","--","--","1.01","0.0","6,922","--","--","Nej","00:00:06.6","8","00:40:49","00:41:33","--","--"
Löpband,2025-11-24 22:23:36,false,"Löpband","5.01","472","00:30:18","148","165","3.2","169","174","6:03","5:18","--","--","0.98","0.0","5,116","--","--","Nej","00:00:03.0","6","00:30:16","00:31:10","--","--"
Löpband,2025-11-18 22:02:54,false,"Löpband","5.25","493","00:31:35","149","163","3.3","170","178","6:01","4:20","--","--","1.14","0.0","5,354","--","--","Nej","00:00:26.2","7","00:31:29","00:31:35","--","--"
Styrketräning,2025-11-17 19:51:32,false,"Strength","0.00","472","01:47:39","88","134","0.5","--","--","--","--","--","--","--","0.0","82","41","6","Nej","01:47:39","1","00:31:26","01:47:39","--","--"
Löpning,2025-11-16 19:56:24,false,"Göteborg Löpning","10.70","912","01:00:23","153","188","3.9","170","177","5:39","4:42","119","117","1.04","0.0","10,268","--","--","Nej","00:04:24.7","11","01:00:19","01:00:55","3","97"
Löpband,2025-11-13 16:17:14,false,"Löpband","7.40","619","00:42:29","145","164","3.3","159","174","5:45","4:16","--","--","1.10","0.0","6,770","--","--","Nej","00:04:25.2","8","00:39:42","00:42:29","--","--"
Löpband,2025-11-10 21:09:54,false,"Löpband","7.49","629","00:40:38","148","173","3.4","166","176","5:25","4:12","--","--","1.11","0.0","6,698","--","--","Nej","00:03:04.4","8","00:39:53","00:41:14","--","--"
Löpning,2025-11-09 17:28:47,false,"Göteborg Löpning","6.90","642","00:41:13","159","188","3.7","165","176","5:58","4:36","127","126","1.01","0.0","6,808","--","--","Nej","00:04:49.2","7","00:41:04","00:41:13","50","71"
Löpning,2025-10-26 13:01:46,false,"Göteborg Löpning","7.95","731","00:44:47","164","195","3.8","169","174","5:38","4:28","166","166","1.05","0.0","7,550","--","--","Nej","00:04:59.1","8","00:44:43","00:44:47","50","73"
Löpning,2025-10-18 12:19:49,false,"Göteborg Löpning","10.79","952","01:10:30","147","171","3.2","167","175","6:32","5:00","130","129","0.92","0.0","11,762","--","--","Nej","00:05:45.6","11","01:10:24","01:11:05","3","97"
Styrketräning,2025-09-13 21:52:24,false,"Strength","0.00","318","00:56:28","100","133","0.4","--","--","--","--","--","--","--","0.0","204","102","13","Nej","00:56:28","1","00:37:30","00:56:28","--","--"
Löpning,2025-09-12 18:34:31,false,"Göteborg Löpning","3.80","322","00:25:47","122","155","2.4","156","180","6:47","5:28","103","94","0.95","0.0","4,032","--","--","Nej","00:06:20.5","4","00:24:30","00:25:47","50","92"
Styrketräning,2025-09-11 17:24:51,false,"Strength","0.00","310","00:49:49","103","144","0.7","--","--","--","--","--","--","--","0.0","64","32","3","Nej","00:49:49","1","00:45:47","00:49:49","--","--"
Styrketräning,2025-08-28 16:30:18,false,"Strength","0.00","232","00:52:49","90","119","0.3","--","--","--","--","--","--","--","0.0","38","19","4","Nej","00:52:49","1","00:50:19","00:52:49","--","--"
Löpning,2025-08-23 20:23:02,false,"Göteborg Löpning","10.71","870","00:56:50","156","179","3.7","172","180","5:18","4:41","112","112","1.10","0.0","9,774","--","--","Nej","00:03:56.8","11","00:56:38","00:57:14","3","97"
Löpning,2025-08-22 18:24:12,false,"Göteborg Löpning","5.87","514","00:37:22","145","163","2.8","163","180","6:22","4:36","155","130","0.96","0.0","6,114","--","--","Nej","00:05:52.6","6","00:35:37","00:37:22","50","82"
Inomhuscykling,2025-08-19 15:16:00,false,"Inomhuscykling","0.00","437","00:41:37","130","149","2.0","--","--","--","--","--","--","--","0.0","--","--","--","Nej","00:41:37","1","00:00:00","00:41:37","--","--"
Löpning,2025-08-15 15:19:35,false,"Göteborg Löpning","10.08","866","00:51:11","162","194","4.4","147","190","5:05","3:33","6","7","1.35","0.0","7,720","--","--","Nej","00:01:00.2","22","00:41:51","00:51:52","50","54"
Löpning,2025-08-13 18:17:32,false,"Göteborg Löpning","7.33","611","00:43:47","142","159","2.8","168","178","5:59","5:01","143","143","0.99","0.0","7,366","--","--","Nej","00:01:57.4","8","00:43:41","00:43:47","50","71"
Löpning,2025-08-11 19:27:07,false,"Göteborg Löpning","20.10","1,602","01:40:17","162","184","4.8","171","194","4:59","4:11","292","299","1.17","0.0","17,156","--","--","Nej","00:00:32.6","21","01:39:57","01:42:32","3","101"
Löpband,2025-08-08 10:04:19,false,"Löpband","10.65","779","00:57:37","155","184","3.8","145","240","5:24","3:36","--","--","1.13","0.0","8,216","--","--","Nej","00:00:59.6","19","00:45:39","00:57:37","--","--"
Löpning,2025-08-07 20:14:48,false,"Strömstad Löpning","8.40","668","00:47:57","139","166","3.0","169","201","5:42","3:00","119","118","1.04","0.0","8,096","--","--","Nej","00:02:22.3","9","00:47:40","00:48:19","3","29"
Styrketräning,2025-08-06 20:10:35,false,"Strength","0.00","207","01:11:37","78","115","0.2","--","--","--","--","--","--","--","0.0","94","47","7","Nej","01:11:37","1","01:02:29","01:11:37","--","--"
Löpning,2025-08-05 15:44:09,false,"Strömstad Löpning","17.08","1,356","01:26:38","154","179","4.5","171","180","5:04","4:11","235","234","1.15","0.0","14,792","--","--","Nej","00:00:27.2","18","01:26:30","01:27:04","4","53"
Styrketräning,2025-08-02 08:07:47,false,"Strength","0.00","167","00:44:21","85","123","0.1","--","--","--","--","--","--","--","0.0","8","4","1","Nej","00:44:21","1","00:44:21","00:44:21","--","--"
Löpning,2025-08-01 07:23:19,false,"Strömstad Löpning","7.45","605","00:44:34","141","165","2.7","166","174","5:59","5:07","92","91","1.01","0.0","7,392","--","--","Nej","00:02:34.3","8","00:44:28","00:44:34","--","28"
Löpning,2025-07-31 18:55:19,false,"Strömstad Löpning","8.20","665","00:40:59","166","186","3.8","157","189","5:00","3:29","61","62","1.28","0.0","6,478","--","--","Nej","00:00:06.8","16","00:37:08","00:41:03","25","29"
Löpning,2025-07-31 18:47:15,false,"Strömstad Löpning","1.70","129","00:07:17.4","133","153","2.4","171","188","4:17","3:42","11","12","1.40","0.0","1,266","--","--","Nej","00:00:16.5","3","00:07:02","00:07:17.4","25","29"
Styrketräning,2025-07-29 18:23:42,false,"Strength","0.00","233","01:09:48","81","126","0.2","--","--","--","--","--","--","--","0.0","14","7","1","Nej","01:09:48","1","01:09:48","01:09:48","--","--"
Löpning,2025-07-28 21:14:04,false,"Strömstad Löpning","9.00","672","00:50:06","138","162","2.9","169","206","5:34","2:58","159","160","1.07","0.0","8,420","--","--","Nej","00:00:04.3","10","00:50:01","00:50:06","5","29"
Löpning,2025-07-23 19:03:36,false,"Strömstad Löpning","4.82","362","00:32:37","128","163","2.4","98","208","6:46","2:56","25","28","1.54","0.0","3,400","--","--","Nej","00:01:18.8","21","00:18:09","00:34:18","25","29"
Löpband,2025-07-22 20:52:03,false,"Löpband","6.02","382","00:33:23","133","151","2.1","166","178","5:33","3:51","--","--","1.10","0.0","5,566","--","--","Nej","00:00:05.1","8","00:32:34","00:33:54","--","--"
Löpning,2025-07-20 19:12:52,false,"Strömstad Löpning","15.44","1,264","01:21:48","155","188","4.5","169","186","5:18","3:53","220","219","1.12","0.0","13,808","--","--","Nej","00:02:42.9","16","01:21:28","01:26:10","4","38"
Löpning,2025-07-18 22:31:14,false,"Strömstad Löpning","6.10","486","00:30:14","155","177","3.3","171","182","4:57","4:16","78","76","1.18","0.0","5,152","--","--","Nej","00:00:32.9","7","00:30:06","00:30:20","--","27"
Löpning,2025-07-16 08:47:14,false,"Strömstad Löpning","9.06","767","00:45:31","154","189","4.3","149","186","5:01","3:39","53","55","1.39","0.0","6,948","--","--","Nej","00:00:10.0","17","00:38:28","00:54:01","25","29"
Löpning,2025-07-15 21:35:12,false,"Strömstad Löpning","7.80","631","00:43:59","140","163","3.1","169","199","5:38","3:22","122","125","1.05","0.0","7,434","--","--","Nej","00:03:56.3","8","00:43:51","00:43:59","5","29"
Styrketräning,2025-07-15 08:10:11,false,"Strength","0.00","160","00:40:07","86","118","0.2","--","--","--","--","--","--","--","0.0","128","64","7","Nej","00:40:07","1","00:28:48","00:40:07","--","--"
Löpning,2025-07-13 19:43:34,false,"Strömstad Löpning","15.62","1,228","01:25:57","147","171","3.6","167","178","5:30","4:41","215","218","1.09","0.0","14,336","--","--","Nej","00:03:30.7","16","01:25:40","01:27:26","3","53"
Löpning,2025-07-09 18:48:20,false,"Strömstad Löpning","7.75","637","00:39:41","157","187","3.6","167","182","5:07","3:46","119","121","1.17","0.0","6,610","--","--","Nej","00:03:30.8","8","00:39:29","00:39:56","4","29"
Löpning,2025-07-08 17:39:53,false,"Strömstad Löpning","11.33","956","00:58:58","163","196","4.5","165","184","5:12","4:08","162","160","1.17","0.0","9,708","--","--","Nej","00:01:31.8","12","00:58:40","01:02:21","4","38"
Styrketräning,2025-07-05 08:21:24,false,"Strength","0.00","165","00:38:38","88","112","0.2","--","--","--","--","--","--","--","0.0","82","41","8","Nej","00:38:38","1","00:28:38","00:38:38","--","--"
Löpning,2025-07-04 16:09:44,false,"Strömstad Löpning","2.01","159","00:08:51.2","144","154","2.7","173","182","4:24","3:49","2","--","1.32","0.0","1,062","--","--","Nej","00:00:03.4","3","00:08:45","00:08:51.2","25","29"
Löpning,2025-07-04 15:30:43,false,"Strömstad Löpning","6.88","568","00:34:09","158","176","3.6","156","187","4:58","4:04","43","44","1.31","0.0","4,148","--","--","Nej","00:00:03.8","14","00:31:04","00:38:03","25","29"
Löpning,2025-07-03 15:38:42,false,"Strömstad Löpning","10.03","848","01:04:10","139","161","3.2","161","182","6:24","4:50","131","131","0.97","0.0","10,326","--","--","Nej","00:00:11.3","11","01:04:02","01:04:10","3","28"
Löpning,2025-06-24 18:46:04,false,"Strömstad Löpning","8.78","771","00:47:10","157","193","4.0","146","197","5:22","3:16","45","45","1.27","0.0","7,036","--","--","Nej","00:00:06.2","17","00:40:38","00:47:16","8","16"
Löpning,2025-06-23 18:09:02,false,"Strömstad Löpning","7.54","612","00:46:32","137","152","2.8","160","170","6:11","5:07","105","108","1.01","0.0","7,452","--","--","Nej","00:03:08.9","8","00:46:24","00:46:32","3","29"
Inomhuscykling,2025-06-22 21:28:33,false,"Inomhuscykling","0.00","630","01:00:11","133","143","2.2","--","--","--","--","--","--","--","0.0","--","--","--","Nej","01:00:11","1","00:00:00","01:00:11","--","--"
Löpning,2025-06-20 07:37:45,false,"Strömstad Löpning","6.02","509","00:40:10","138","155","2.4","159","182","6:40","4:13","91","89","0.94","0.0","6,376","--","--","Nej","00:00:09.1","7","00:40:08","00:40:10","5","28"
Löpning,2025-06-19 19:11:19,false,"Strömstad Löpning","9.09","786","00:49:52","153","189","3.9","143","219","5:29","3:57","63","63","1.24","0.0","7,186","--","--","Nej","00:00:08.3","18","00:45:30","00:50:08","25","29"
Styrketräning,2025-06-19 14:54:19,false,"Strength","0.00","245","00:50:43","92","122","0.3","--","--","--","--","--","--","--","0.0","76","38","12","Nej","00:50:43","1","00:22:21","00:50:43","--","--"
Löpning,2025-06-17 11:54:14,false,"Löpning","7.09","603","00:42:49","146","173","2.8","155","175","6:03","3:48","--","--","1.07","0.0","6,630","--","--","Nej","00:00:31.1","8","00:42:48","00:42:49","--","--"
Löpning,2025-06-13 20:08:21,false,"Strömstad Löpning","11.48","1,003","01:04:17","158","184","4.0","155","177","5:36","3:46","13","5","1.15","0.0","9,938","--","--","Nej","00:02:46.4","12","01:04:15","01:04:17","6","23"
Löpning,2025-06-02 11:48:11,false,"Löpning","4.41","372","00:24:24","148","170","2.8","157","166","5:32","3:50","--","--","1.16","0.0","3,834","--","--","Nej","00:02:12.8","5","00:24:22","00:24:24","--","--"
Löpning,2025-05-28 18:06:25,false,"Göteborg Löpning","8.62","758","00:47:23","158","182","3.5","157","166","5:30","3:50","86","77","1.16","0.0","7,454","--","--","Nej","00:03:03.6","9","00:47:18","00:47:23","50","71"
Löpning,2025-05-22 18:34:21,false,"Löpning","7.42","721","00:45:45","155","179","3.5","146","168","6:10","5:03","--","--","1.11","0.0","6,714","--","--","Nej","00:04:58.8","8","00:43:02","00:45:45","--","--"
Styrketräning,2024-07-30 19:08:28,false,"Strength","0.00","178","00:31:44","97","123","0.4","--","--","--","--","--","--","--","0.0","132","66","9","Nej","00:31:44","1","00:22:52","00:31:44","--","--"
Styrketräning,2024-07-19 08:44:36,false,"Strength","0.00","413","00:53:22","116","173","1.9","--","--","--","--","--","--","--","0.0","798","399","32","Nej","00:53:22","1","00:27:49","00:53:22","--","--"
Styrketräning,2024-07-08 10:51:48,false,"Strength","0.00","445","01:00:57","112","176","2.2","--","--","--","--","--","--","--","0.0","784","392","32","Nej","01:00:57","1","00:37:38","01:00:57","--","--"
Löpning,2024-07-05 13:47:41,false,"Löpning","1.14","198","00:30:06","101","137","0.7","42","171","26:27","5:06","--","--","0.85","0.0","1,662","--","--","Nej","00:00:06.1","21","00:09:38","00:30:24","--","--"
Styrketräning,2024-07-04 09:23:45,false,"Strength","0.00","226","00:23:47","122","160","1.5","--","--","--","--","--","--","--","0.0","308","154","15","Nej","00:23:47","1","00:15:28","00:23:47","--","--"
Crosstrainer,2024-07-04 09:10:14,false,"Crosstrainer","0.00","62","00:10:29","95","143","0.3","0","146","--","--","--","--","0.00","0.0","2","--","--","Nej","00:10:29","1","00:00:00","00:10:29","--","--"
Styrketräning,2024-07-01 21:59:52,false,"Strength","0.00","465","00:50:37","122","176","2.5","--","--","--","--","--","--","--","0.0","772","386","31","Nej","00:50:37","1","00:24:56","00:50:37","--","--"
Löpning,2024-05-18 14:23:33,false,"Göteborg Löpning","19.02","1,997","01:49:47","181","191","5.0","157","167","5:46","3:47","83","65","1.10","0.0","17,162","--","--","Nej","00:00:29.0","20","01:49:03","01:49:47","0","41"
Löpning,2023-10-15 15:57:37,false,"Göteborg Löpning","5.34","417","01:06:07","90","147","1.1","90","199","12:23","3:48","67","69","0.90","0.0","6,116","--","--","Nej","00:02:40.5","6","01:04:08","01:06:07","2","27"
Cykling,2023-10-15 10:59:25,false,"Göteborg Cykling","20.35","1,623","03:52:56","116","171","2.3","--","--","5.2","33.7","327","260","--","0.0","--","--","--","Nej","00:07:28.7","5","01:57:45","03:52:56","-25","125"
Cykling,2023-10-08 11:11:34,false,"Göteborg Cykling","8.94","721","02:02:54","101","148","0.8","--","--","4.4","28.5","89","88","--","0.0","--","--","--","Nej","00:53:31","2","01:05:59","02:02:54","3","36"
Cykling,2023-10-07 12:12:47,false,"Göteborg Cykling","27.52","1,913","03:54:13","125","180","3.2","--","--","7.0","41.3","437","445","--","0.0","--","--","--","Nej","00:16:26","6","02:26:32","03:54:16","3","139"
Löpning,2023-10-02 18:57:30,false,"Löpning","6.55","636","00:36:00","168","189","3.9","153","167","5:30","3:51","--","--","1.19","0.0","5,522","--","--","Nej","00:03:19.5","7","00:35:28","00:36:00","--","--"
Cykling,2023-09-24 14:26:14,false,"Göteborg Cykling","21.45","1,494","02:51:45","128","182","3.2","--","--","7.5","36.0","309","313","--","0.0","--","--","--","Nej","00:08:48.5","5","01:47:51","03:21:53","-3","128"
Styrketräning,2023-09-23 10:43:26,false,"Strength","0.00","504","00:54:04","125","155","2.0","--","--","--","--","--","--","--","0.0","8","4","1","Nej","00:54:04","1","00:54:04","00:54:04","--","--"
Styrketräning,2023-09-20 19:46:02,false,"Strength","0.00","466","01:24:27","99","143","0.8","--","--","--","--","--","--","--","0.0","10","5","1","Nej","01:24:27","1","01:24:27","01:24:27","--","--"
Löpning,2023-09-16 09:40:16,false,"Stockholm Löpning","6.01","534","00:37:26","145","179","2.9","140","219","6:14","3:43","578","576","1.14","0.0","5,384","--","--","Nej","00:00:01.9","7","00:34:34","00:37:33","5","116"
Cykling,2023-09-10 10:21:34,false,"Göteborg Cykling","26.72","971","02:26:33","111","150","1.9","--","--","10.9","35.0","227","229","--","0.0","--","--","--","Nej","00:15:30","6","01:56:39","02:26:33","5","55"
Cykling,2023-09-08 17:44:25,false,"Göteborg Cykling","18.61","999","01:39:31","134","171","3.0","--","--","11.2","34.3","259","256","--","0.0","--","--","--","Nej","00:09:19.8","4","01:18:37","01:39:34","0","97"
Löpning,2022-07-18 20:40:02,false,"Strömstad Löpning","0.23","63","00:11:25","97","126","0.2","14","208","49:36","3:00","--","--","4.06","0.0","214","--","--","Nej","00:00:15","9","00:01:12","00:11:25","26","27"
Löpning,2022-07-18 20:30:25,false,"Strömstad Löpning","0.19","32","00:04:36.3","107","117","0.2","40","213","23:57","3:04","--","--","1.68","0.0","120","--","--","Nej","00:00:15","9","00:01:01","00:04:36.3","27","27"
Löpning,2022-07-18 20:21:33,false,"Strömstad Löpning","0.31","50","00:05:22.2","119","128","0.4","28","208","17:12","2:39","--","--","2.23","0.0","250","--","--","Nej","00:00:15","9","00:01:41","00:05:22.2","27","27"
Löpning,2022-07-18 20:13:10,false,"Strömstad Löpning","0.31","44","00:04:35.0","124","135","0.4","33","214","14:44","2:22","--","--","2.29","0.0","322","--","--","Nej","00:00:15","9","00:02:08","00:04:35.0","26","28"
Löpning,2022-07-18 19:59:35,false,"Strömstad Löpning","0.99","142","00:10:53","146","179","2.1","47","213","10:57","2:02","8","6","2.44","0.0","688","--","--","Nej","00:00:35","9","00:03:36","00:10:53","25","29"
Löpning,2022-07-18 19:48:49,false,"Strömstad Löpning","0.86","102","00:07:59.6","139","164","1.5","51","224","9:19","1:46","6","6","1.90","0.0","582","--","--","Nej","00:00:35","8","00:02:10","00:08:04.0","25","28"
Löpning,2022-07-18 19:38:37,false,"Strömstad Löpning","0.89","65","00:07:19.8","117","148","0.5","59","225","8:12","1:56","6","3","1.95","0.0","540","--","--","Nej","00:00:29.8","8","00:02:33","00:07:19.8","25","28"
Löpning,2022-07-13 09:58:38,false,"Strömstad Löpning","0.23","24","00:03:38.4","109","118","0.1","31","190","15:35","3:38","--","--","2.11","0.0","250","--","--","Nej","00:00:15","7","00:02:06","00:03:57.2","27","27"
Löpning,2022-07-13 09:49:15,false,"Strömstad Löpning","0.30","37","00:04:26.3","113","136","0.2","45","224","14:51","3:02","--","--","1.96","0.0","210","--","--","Nej","00:00:15","9","00:02:06","00:04:26.3","27","28"
Löpning,2022-07-13 09:41:50,false,"Strömstad Löpning","0.23","18","00:03:26.2","97","106","0.1","44","208","14:52","3:26","--","--","1.49","0.0","154","--","--","Nej","00:00:11.2","8","00:01:23.2","00:03:26.2","27","28"
Löpning,2022-07-13 09:34:42,false,"Strömstad Löpning","0.23","33","00:03:24.5","126","139","0.3","20","194","14:49","3:37","--","--","5.71","0.0","226","--","--","Nej","00:00:09.5","8","00:01:10","00:03:28.3","27","27"
Löpning,2022-07-13 09:19:50,false,"Strömstad Löpning","1.04","134","00:12:07","131","167","1.9","44","224","11:40","2:18","8","5","2.12","0.0","702","--","--","Nej","00:00:35","9","00:04:00","00:12:07","25","28"
Löpning,2022-07-13 09:09:45,false,"Strömstad Löpning","0.99","95","00:08:25.5","131","157","1.1","58","224","8:32","1:58","1","1","2.18","0.0","672","--","--","Nej","00:00:05.5","9","00:02:21","00:08:25.5","26","29"
Löpning,2022-07-13 08:58:17,false,"Strömstad Löpning","1.03","83","00:10:33","111","145","0.5","46","216","10:13","2:11","2","2","2.71","0.0","610","--","--","Nej","00:00:35","9","00:03:01","00:10:33","26","29"
Löpning,2022-07-09 22:05:16,false,"Strömstad Löpning","0.27","37","00:04:36.1","115","133","0.4","30","203","16:46","3:17","--","--","3.36","0.0","430","--","--","Nej","00:00:06.1","7","00:02:48","00:04:36.1","27","27"
Löpning,2022-07-09 21:57:02,false,"Strömstad Löpning","0.22","33","00:04:42.6","106","121","0.2","44","212","21:49","3:06","--","--","1.03","0.0","336","--","--","Nej","00:00:12.6","7","00:02:16","00:04:42.6","27","27"
Löpning,2022-07-09 21:49:09,false,"Strömstad Löpning","0.23","42","00:04:36.5","121","140","0.3","24","188","20:02","4:00","--","--","2.14","0.0","364","--","--","Nej","00:00:06.5","7","00:02:04","00:04:36.5","27","28"
Löpning,2022-07-09 21:41:38,false,"Strömstad Löpning","0.21","21","00:04:36.6","93","124","0.1","20","225","22:12","6:00","--","--","1.90","0.0","136","--","--","Nej","00:00:06.6","7","00:01:08","00:04:36.6","26","27"
Löpning,2022-07-07 12:54:06,false,"Strömstad Löpning","0.34","31","00:04:34.5","108","118","0.2","48","213","13:29","2:23","1","--","1.69","0.0","318","--","--","Nej","00:00:15","9","00:02:09","00:04:34.5","26","27"
Löpning,2022-07-07 12:46:57,false,"Strömstad Löpning","0.25","24","00:03:20.8","108","122","0.2","57","212","13:24","1:46","3","--","1.52","0.0","188","--","--","Nej","00:00:05.8","8","00:01:16","00:03:20.8","23","27"
Löpning,2022-07-07 12:40:12,false,"Strömstad Löpning","0.27","27","00:04:06.6","104","114","0.2","46","214","14:58","2:38","--","--","1.60","0.0","272","--","--","Nej","00:00:06.6","9","00:01:17","00:04:06.6","26","28"
Löpning,2022-07-07 12:32:03,false,"Strömstad Löpning","0.25","19","00:03:25.8","100","113","0.1","42","208","13:42","2:49","--","--","2.46","0.0","194","--","--","Nej","00:00:10.8","8","00:00:58","00:03:44.2","27","27"
Löpning,2022-07-07 12:17:27,false,"Strömstad Löpning","0.92","98","00:07:37.0","138","159","1.4","60","216","8:16","2:12","2","2","2.24","0.0","542","--","--","Nej","00:00:35","8","00:02:29","00:07:37.0","26","28"
Löpning,2022-07-07 12:07:10,false,"Strömstad Löpning","0.93","77","00:06:54.5","131","153","0.8","60","208","7:27","2:23","6","3","2.53","0.0","578","--","--","Nej","00:00:04.5","8","00:02:47","00:06:54.5","23","28"
Löpning,2022-07-07 11:55:37,false,"Strömstad Löpning","1.03","97","00:10:26","120","140","0.7","57","216","10:05","1:54","6","4","1.81","0.0","738","--","--","Nej","00:00:35","10","00:04:24","00:10:50","25","29"
Cykling,2022-07-04 22:54:26,false,"Cykling","0.00","92","00:07:50.0","136","171","1.4","--","--","--","--","--","--","--","0.0","--","--","--","Nej","00:00:20","8","00:00:00","00:07:50.0","--","--"
Cykling,2022-07-04 22:47:01,false,"Cykling","0.00","67","00:04:28.5","160","183","1.7","--","--","--","--","--","--","--","0.0","--","--","--","Nej","00:00:30","8","00:00:00","00:04:28.5","--","--"
Cykling,2022-07-04 22:41:01,false,"Cykling","0.00","78","00:05:31.8","155","186","1.9","--","--","--","--","--","--","--","0.0","--","--","--","Nej","00:00:30","8","00:00:00","00:05:31.8","--","--"
Cykling,2022-07-04 22:28:46,false,"Cykling","0.00","76","00:05:29.6","151","176","1.7","--","--","--","--","--","--","--","0.0","--","--","--","Nej","00:00:30","8","00:00:00","00:05:29.6","--","--"
Löpning,2021-07-29 21:13:18,false,"Strömstad Löpning","3.08","249","00:16:34","175","200","3.3","135","216","5:23","2:45","1","1","1.38","0.0","2,072","--","--","Nej","00:00:03.8","62","--:--:--","00:16:34","26","28"
Löpning,2021-07-29 20:47:50,false,"Strömstad Löpning","3.63","280","00:20:14","155","206","3.4","122","214","5:34","2:45","--","--","1.50","0.0","2,342","--","--","Nej","00:00:15","62","--:--:--","00:20:46","25","29"
Löpning,2021-03-26 17:08:23,false,"Borås Löpning","0.52","46","00:06:06.6","113","139","0.3","45","220","11:43","1:35","--","--","1.74","0.0","288","--","--","Nej","00:00:02.7","10","00:01:45","00:06:06.6","133","134"
Löpning,2021-03-26 16:58:42,false,"Borås Löpning","0.75","52","00:06:57.6","113","136","0.3","50","228","9:14","1:35","--","--","1.99","0.0","382","--","--","Nej","00:00:02.1","12","00:02:06","00:06:57.6","131","135"
Löpning,2021-03-26 16:44:51,false,"Borås Löpning","0.89","61","00:11:09","99","133","0.3","38","232","12:31","1:45","1","--","1.75","0.0","488","--","--","Nej","00:00:15.7","13","00:02:42","00:11:19","133","134"
Löpning,2021-03-23 20:48:47,false,"Borås Löpning","1.45","104","00:13:14","114","146","0.7","64","209","9:09","1:50","--","0","1.96","0.0","990","--","--","Nej","00:01:00","9","00:05:38","00:13:14","133","135"
Löpning,2021-03-16 19:04:25,false,"Borås Löpning","1.77","130","00:09:32.9","147","183","2.1","126","218","5:24","3:01","9","2","1.64","0.0","1,186","--","--","Nej","00:00:03.2","22","00:07:46","00:09:40.7","128","136"
Löpning,2021-03-16 18:55:34,false,"Borås Löpning","1.67","112","00:08:32.3","150","179","2.1","154","220","5:06","3:04","--","1","1.26","0.0","1,090","--","--","Nej","00:00:03.7","21","00:07:23.7","00:08:32.3","133","136"
Löpning,2021-03-16 18:34:07,false,"Borås Löpning","4.06","235","00:17:37","143","170","2.3","161","173","4:20","3:31","--","--","1.43","0.0","2,824","--","--","Nej","00:00:10.3","11","00:17:31","00:17:37","134","137"
Löpning,2021-03-09 20:04:29,false,"Borås Löpning","1.24","153","00:12:30","139","169","2.0","69","202","10:03","2:32","1","--","1.19","0.0","898","--","--","Nej","00:00:00.7","14","00:04:48","00:12:39","132","135"
Löpning,2021-03-03 18:04:58,false,"Löpning","9.68","866","00:56:38","162","184","4.2","157","168","5:51","4:26","--","--","1.09","0.0","8,838","--","--","Nej","00:01:25.4","11","00:56:29","00:56:38","--","--"
Löpning,2021-01-20 09:09:37,false,"Löpning","8.06","530","00:46:20","139","152","2.4","160","169","5:45","3:43","--","--","1.09","0.0","7,412","--","--","Nej","00:00:20.2","9","00:46:12","00:47:30","--","--"
Löpning,2020-11-23 09:44:00,false,"Löpning","2.45","256","00:14:57","172","192","3.2","158","166","6:06","4:30","--","--","1.04","0.0","2,378","--","--","Nej","00:02:40.8","3","00:14:51","00:14:57","--","--"
Löpning,2020-11-14 13:53:42,false,"Löpning","0.01","72","00:20:43","94","112","0.3","7","151","--","6:51","--","--","0.09","0.0","24","--","--","Nej","00:00:20","50","00:00:03","00:26:00","--","--"
Löpning,2020-10-30 13:39:47,false,"Löpning","1.07","82","00:06:20.5","139","151","1.2","155","166","5:56","5:21","--","--","1.09","0.0","996","--","--","Nej","00:00:23.8","2","00:06:15","00:06:20.5","--","--"
Löpning,2020-10-21 10:59:06,false,"Borås Löpning","1.82","123","00:19:39","104","134","0.5","60","209","10:50","2:26","1","1","3.87","0.0","1,360","--","--","Nej","00:00:39.5","14","00:08:09","00:19:54","134","136"
Löpning,2020-10-20 19:31:56,false,"Borås Löpning","1.39","145","00:20:35","111","136","0.8","35","209","14:46","2:19","6","3","14.07","0.0","1,020","--","--","Nej","00:00:09.7","20","00:08:08","00:22:31","134","143"
Löpning,2020-07-19 14:31:24,false,"Strömstad Löpning","0.69","75","00:05:41.4","140","154","1.1","108","166","8:12","5:15","--","--","1.13","0.0","670","--","--","Nej","00:05:41.4","1","00:05:41.4","00:05:41.4","27","27"
Löpning,2020-07-02 10:33:28,false,"Löpning","0.81","60","00:04:40.0","137","151","0.9","152","167","5:47","5:05","--","--","1.14","0.0","732","--","--","Nej","00:04:40.0","1","00:04:32","00:04:40.0","--","--"
Löpning,2020-06-18 13:01:55,false,"Strömstad Löpning","0.70","64","00:05:46.1","128","154","0.9","112","169","8:11","5:11","--","--","1.10","0.0","692","--","--","Nej","00:05:46.1","1","00:04:06","00:05:46.1","27","27"
Löpning,2020-05-22 11:12:29,false,"Strömstad Löpning","7.41","633","00:39:15","166","197","4.1","155","185","5:18","3:16","7","18","1.22","0.0","6,212","--","--","Nej","00:02:11.9","8","00:38:46","00:39:15","15","36"
Löpning,2020-05-15 15:54:35,false,"Borås Löpning","9.05","682","00:40:07","176","188","4.6","163","172","4:26","3:00","159","13,625","1.38","0.0","6,542","--","--","Nej","00:00:09.4","10","00:40:04","00:40:29","232","13,792"
Styrketräning,2020-05-11 18:26:35,false,"Strength","0.00","295","00:49:21","107","137","0.7","--","--","--","--","--","--","--","0.0","372","186","18","Nej","--:--:--","1","00:14:19","00:49:21","--","--"
Löpning,2020-05-08 09:24:52,false,"Löpning","0.44","51","00:05:17.9","122","143","0.5","73","166","11:58","4:54","--","--","1.14","0.0","414","--","--","Nej","--:--:--","1","00:02:21","00:05:17.9","--","--"
Styrketräning,2020-05-07 18:07:17,false,"Strength","0.00","329","00:53:00","110","134","1.1","--","--","--","--","--","--","--","0.0","150","75","11","Nej","--:--:--","1","00:17:54","00:54:43","--","--"
Styrketräning,2020-05-05 18:26:10,false,"Strength","0.00","59","00:16:25","95","119","0.2","--","--","--","--","--","--","--","0.0","36","18","4","Nej","--:--:--","1","00:03:53.7","00:16:25","--","--"
Styrketräning,2020-05-04 18:43:20,false,"Strength","0.00","276","00:38:25","114","151","1.1","--","--","--","--","--","--","--","0.0","272","136","14","Nej","--:--:--","1","00:14:16","00:38:25","--","--"
Löpning,2020-05-03 13:01:35,false,"Strömstad Löpning","3.03","305","00:43:54","115","154","1.9","44","235","14:28","1:38","1","1","2.26","0.0","2,582","--","--","Nej","00:00:15.3","23","00:13:14","00:43:55","26","29"
Löpning,2020-05-01 15:14:42,false,"Strömstad Löpning","0.77","55","00:09:32.7","107","140","0.3","67","240","12:20","1:57","140","154","0.69","0.0","262","--","--","Nej","00:00:12.7","29","00:03:30","00:09:32.7","6","46"
Löpning,2020-05-01 14:59:28,false,"Strömstad Löpning","0.65","88","00:12:08","116","173","0.9","66","211","18:32","2:31","97","74","1.18","0.0","296","--","--","Nej","00:00:15","29","00:03:56","00:12:08","-17","9"
Löpning,2020-05-01 14:42:58,false,"Strömstad Löpning","0.84","100","00:14:26","118","165","0.8","42","220","17:16","1:36","812","729","3.29","0.0","342","--","--","Nej","00:00:15","27","00:05:57","00:14:26","6","148"
Styrketräning,2020-04-28 18:38:57,false,"Strength","0.00","266","00:40:34","112","146","1.0","--","--","--","--","--","--","--","0.0","340","170","15","Nej","--:--:--","1","00:15:54","00:40:34","--","--"
Styrketräning,2020-04-27 21:39:27,false,"Strength","0.00","252","00:42:05","107","144","0.6","--","--","--","--","--","--","--","0.0","214","107","15","Nej","--:--:--","1","00:13:38","00:42:05","--","--"
Styrketräning,2020-04-23 20:48:46,false,"Strength","0.00","488","01:04:21","121","149","2.0","--","--","--","--","--","--","--","0.0","254","127","19","Nej","--:--:--","1","00:36:27","01:04:32","--","--"
Styrketräning,2020-04-22 09:32:39,false,"Strength","0.00","126","00:22:05","105","124","0.4","--","--","--","--","--","--","--","0.0","102","51","12","Nej","--:--:--","1","00:08:18.4","00:22:05","--","--"
Löpning,2020-04-21 17:42:40,false,"Strömstad Löpning","13.09","1,059","01:10:54","165","196","4.4","141","174","5:25","3:58","5","5","1.30","0.0","10,182","--","--","Nej","00:00:18.7","25","01:03:28","01:10:57","26","29"
Styrketräning,2020-04-20 19:52:42,false,"Strength(2)a","0.00","336","00:43:53","120","157","1.5","--","--","--","--","--","--","--","0.0","434","217","17","Nej","--:--:--","1","00:08:36.7","00:43:53","--","--"
Löpning,2020-04-20 18:33:10,false,"Strömstad Löpning","10.01","857","00:55:25","165","190","4.5","160","176","5:32","4:23","361","335","1.13","0.0","8,886","--","--","Nej","00:00:03.3","11","00:55:16","00:55:25","-14","56"
Löpning,2020-04-16 22:14:10,false,"Strömstad Löpning","1.01","87","00:06:27.6","147","165","1.6","139","176","6:22","3:58","--","--","1.19","0.0","956","--","--","Nej","00:00:26.8","2","00:05:54","00:06:27.6","8","13"
Löpning,2020-04-13 10:56:10,false,"Strömstad Löpning","3.04","233","00:30:54","115","149","1.6","75","211","10:09","1:08","--","16","4.91","0.0","2,490","--","--","Nej","00:00:09.7","4","00:17:55","00:30:57","10","27"
Löpning,2020-04-09 17:28:12,false,"Löpning","5.92","502","00:32:01","166","195","3.9","157","177","5:24","3:25","--","--","1.17","0.0","5,038","--","--","Nej","00:04:13.5","6","00:31:45","00:32:01","--","--"
Löpning,2020-03-30 16:03:47,false,"Strömstad Löpning","6.21","556","00:38:46","157","183","3.5","153","177","6:15","4:31","69","70","1.04","0.0","6,052","--","--","Nej","00:01:11.1","7","00:38:20","00:38:46","--","49"
Styrketräning,2020-03-26 17:10:57,false,"Strength(2)a","0.00","747","04:33:05","79","141","1.0","--","--","--","--","--","--","--","0.0","178","89","11","Nej","--:--:--","1","00:06:26.5","04:35:37","--","--"
Löpning,2020-03-18 18:42:02,false,"Löpning","4.01","326","00:17:58","184","203","4.0","159","171","4:29","3:26","--","--","1.41","0.0","2,850","--","--","Nej","00:00:04.8","5","00:17:55","00:19:30","--","--"
Löpning,2020-03-12 18:28:25,false,"Löpning","0.71","51","00:03:46.5","145","158","1.0","143","191","5:18","3:06","--","--","1.32","0.0","566","--","--","Nej","--:--:--","1","00:03:25","00:03:46.5","--","--"
Löpning,2020-03-10 18:06:09,false,"Löpning","1.13","75","00:06:09.7","136","147","1.0","153","201","5:27","3:16","--","--","1.20","0.0","966","--","--","Nej","00:00:44.9","2","00:05:43","00:06:09.7","--","--"
Löpning,2020-03-05 18:16:53,false,"Löpning","0.59","32","00:02:50.3","130","143","0.4","151","178","4:48","3:07","--","--","1.38","0.0","456","--","--","Nej","--:--:--","1","00:02:44","00:02:50.3","133","133"
Löpning,2020-02-23 12:42:40,false,"Tingsryd Löpning","0.66","58","00:04:25.9","141","160","1.0","116","225","6:42","2:56","--","--","1.28","0.0","566","--","--","Nej","--:--:--","1","00:03:14","00:04:25.9","142","142"
Löpning,2020-02-22 15:17:21,false,"Löpning","0.60","38","00:03:06.1","137","145","0.6","155","166","5:11","4:15","--","--","1.24","0.0","488","--","--","Nej","--:--:--","1","00:03:02","00:03:06.1","--","--"
Löpning,2020-02-20 18:21:45,false,"Löpning","0.55","37","00:02:58.0","138","151","0.6","151","165","5:24","4:13","--","--","1.23","0.0","462","--","--","Nej","--:--:--","1","00:02:49","00:02:58.0","--","--"
Styrketräning,2020-01-27 19:51:37,false,"Strength","0.00","189","00:26:07","115","141","0.9","--","--","--","--","--","--","--","0.0","158","79","13","Nej","--:--:--","1","00:07:48.6","00:27:52","--","--"
Styrketräning,2019-12-27 16:36:09,false,"Strength","0.00","403","01:07:58","108","130","1.0","--","--","--","--","--","--","--","0.0","554","164","20","Nej","--:--:--","1","00:12:29","01:10:25","--","--"
