Aktivitetstyp,Datum,Favorit,Namn,Distans,Kalorier,Tid,Medelpuls,Maxpuls,Genomsnittlig skidkadens,Maximal skidkadens,Medelfart,Maxfart,Total stigning,Totalt nedför,Medelsteglängd,Training Stress Score®,Steg,Totalt antal repetitioner,Totalt antal set,Dekompression,Bästa varvtid,Antal varv,Färdtid,Total tid,Min. höjd,Max. höjd
Längdskidåkning klassisk stil,2026-03-29 08:53:06,false,"Älvdalen Längdskidåkning klassisk stil","4.87","350","00:38:15","155","183","--","--","7.6","27.8","73","110","--","0.0","--","--","--","Nej","00:38:15","1","00:32:28","00:40:09","738","800"
Löpning,2026-03-20 14:09:46,false,"Göteborg Löpning","9.64","649","01:00:08","180","195","169","209","6:14","2:35","85","77","0.95","0.0","10,162","--","--","Nej","00:03:18.3","10","01:00:06","01:00:08","53","74"
Löpning,2026-03-08 11:21:27,false,"Göteborg Löpning","4.80","267","00:28:12","162","195","169","182","5:52","0:49","103","42","1.01","0.0","4,786","--","--","Nej","00:00:03.6","10","00:27:42","00:34:21","46","60"
Löpning,2026-03-06 14:41:42,false,"Göteborg Löpning","8.63","613","00:57:40","180","196","167","181","6:41","3:50","150","142","0.90","0.0","9,676","--","--","Nej","00:03:01.2","9","00:57:21","01:00:38","7","106"
Löpning,2026-03-01 14:25:17,false,"Göteborg Löpning","6.12","403","00:37:10","180","194","168","181","6:04","4:31","60","111","0.98","0.0","6,304","--","--","Nej","00:00:32.3","7","00:36:38","00:37:10","-1","104"
Löpning,2026-01-31 10:30:11,false,"Göteborg Löpning","12.67","891","01:18:49","187","198","171","183","6:13","4:07","97","102","0.94","0.0","13,498","--","--","Nej","00:01:21.2","14","01:17:52","01:19:23","-33","27"
Löpning,2025-12-27 11:11:43,false,"Västerås Löpning","1.66","172","00:18:08","163","193","71","238","10:55","2:43","7","8","1.29","0.0","1,792","--","--","Nej","00:08:20.7","2","00:10:21","00:18:08","6","13"
Löpning,2025-12-10 17:18:28,false,"Löpning","4.03","319","00:27:50","184","199","136","248","6:55","2:15","49","46","1.07","0.0","4,166","--","--","Nej","00:00:22.5","5","00:22:08","00:27:50","-90","-64"
Löpning,2025-12-06 13:49:15,false,"Göteborg Löpning","8.38","600","00:53:59","184","196","167","183","6:27","4:19","72","65","0.93","0.0","9,086","--","--","Nej","00:02:10.3","9","00:52:35","00:53:59","6","68"
Löpning,2025-11-26 18:41:15,false,"Göteborg Löpning","5.60","337","00:35:18","164","195","148","247","6:19","3:33","83","37","1.08","0.0","5,544","--","--","Nej","00:03:26.3","6","00:35:06","00:40:54","11","73"
Löpning,2025-10-29 16:50:32,false,"Göteborg Löpning","5.66","382","00:33:16","187","198","170","179","5:53","4:27","59","59","1.00","0.0","5,664","--","--","Nej","00:03:49.7","6","00:33:04","00:33:16","-8","53"
Löpning,2025-09-06 21:09:11,false,"Göteborg Löpning","8.01","528","00:52:09","172","189","167","243","6:31","1:20","74","86","0.92","0.0","8,738","--","--","Nej","00:00:01.6","9","00:51:25","00:56:29","11","66"
Löpning,2025-09-06 20:38:01,false,"Göteborg Löpning","4.61","288","00:27:57","171","182","167","175","6:04","4:50","72","59","0.99","0.0","4,686","--","--","Nej","00:03:37.1","5","00:27:40","00:27:57","11","71"
Löpning,2025-09-03 08:11:30,false,"Göteborg Löpning","5.60","365","00:33:20","179","190","166","177","5:57","4:15","60","54","1.01","0.0","5,546","--","--","Nej","00:02:56.8","6","00:32:15","00:33:20","6","65"
Löpning,2025-08-31 09:31:48,false,"Göteborg Löpning","11.61","815","01:12:29","185","194","166","183","6:15","4:36","98","103","0.96","0.0","12,166","--","--","Nej","00:03:20.8","12","01:10:17","01:12:29","-12","44"
Löpning,2025-08-28 09:37:38,false,"Göteborg Löpning","10.20","688","01:01:49","183","193","172","179","6:04","4:40","82","78","0.96","0.0","10,602","--","--","Nej","00:00:58.7","11","01:01:32","01:01:49","6","69"
Löpning,2025-08-25 08:10:28,false,"Göteborg Löpning","5.54","340","00:31:21","178","194","169","181","5:39","4:53","57","55","1.04","0.0","5,334","--","--","Nej","00:02:38.5","6","00:30:53","00:31:21","11","69"
Löpning,2025-08-22 09:51:57,false,"Göteborg Löpning","13.32","891","01:32:56","174","192","167","216","6:59","3:24","217","223","0.86","0.0","15,634","--","--","Nej","00:02:24.6","14","01:32:07","01:33:28","-3","98"
Löpning,2025-08-20 07:09:41,false,"Göteborg Löpning","5.48","333","00:31:41","174","188","168","179","5:47","4:21","64","60","1.03","0.0","5,394","--","--","Nej","00:02:35.0","6","00:31:05","00:31:41","11","73"
Löpning,2025-08-18 09:42:33,false,"Göteborg Löpning","5.60","361","00:33:14","178","191","170","180","5:56","5:00","58","60","0.99","0.0","5,706","--","--","Nej","00:03:28.1","6","00:32:40","00:33:14","4","63"
Löpning,2025-08-15 20:08:00,false,"Göteborg Löpning","6.78","430","00:39:26","177","195","168","181","5:49","4:25","55","57","1.01","0.0","6,696","--","--","Nej","00:04:11.5","7","00:39:15","00:39:26","-10","46"
Löpning,2025-08-13 15:21:02,false,"Göteborg Löpning","6.33","469","00:42:22","180","196","165","177","6:42","4:22","108","105","0.90","0.0","6,998","--","--","Nej","00:01:55.6","7","00:42:06","00:42:22","-8","69"
Löpning,2025-08-12 09:45:25,false,"Göteborg Löpning","5.45","377","00:31:46","188","197","171","240","5:50","4:51","56","58","1.00","0.0","5,436","--","--","Nej","00:02:43.5","6","00:31:26","00:31:46","-7","53"
Löpning,2025-08-03 14:39:59,false,"Västerås Löpning","3.61","261","00:21:46","189","200","167","173","6:01","5:01","9","22","0.99","0.0","3,646","--","--","Nej","00:03:56.0","4","00:21:37","00:21:46","18","26"
Löpning,2025-08-03 13:48:46,false,"Löpning","1.00","97","00:08:43.5","176","190","163","173","8:43","6:31","4","7","0.70","0.0","1,456","--","--","Nej","00:08:43.5","1","00:08:31","00:08:43.5","38","44"
Gång,2025-07-24 10:51:06,false,"Åre Gång","8.92","943","04:25:33","110","174","44","250","29:46","8:23","158","964","0.80","0.0","15,260","--","--","Nej","00:13:34","9","02:12:18","04:25:33","435","1,385"
Gång,2025-07-19 16:45:50,false,"Rauma Gång","3.78","473","01:32:10","127","154","54","239","24:24","8:19","14","907","0.76","0.0","6,784","--","--","Nej","00:13:15","4","00:57:00","01:32:10","-234","448"
Gång,2025-07-19 13:27:38,false,"Rauma Gång","3.67","867","02:26:49","136","179","42","244","39:58","1:42","674","229","0.65","0.0","7,844","--","--","Nej","00:12:46","4","00:57:31","02:26:49","7","675"
Gång,2025-07-17 08:05:46,false,"Lom Gång","12.48","2,936","09:01:33","139","188","31","241","43:24","3:59","1,354","1,392","0.82","0.0","23,704","--","--","Nej","00:08:12.6","14","03:25:12","09:06:20","1,055","2,371"
Löpning,2025-07-14 20:13:47,false,"Oslo Löpning","3.44","259","00:29:05","161","192","128","209","8:27","5:23","41","25","0.91","0.0","3,948","--","--","Nej","00:05:58.8","4","00:25:56","00:29:05","-11","27"
Löpning,2025-07-14 19:16:30,false,"Oslo Löpning","3.10","268","00:55:21","121","171","56","241","17:53","3:35","32","52","0.99","0.0","3,918","--","--","Nej","00:02:49.5","4","00:28:06","00:56:55","-12","15"
Löpning,2025-07-05 18:16:51,false,"Göteborg Löpning","2.09","139","00:13:19","166","190","167","240","6:22","4:53","45","13","0.94","0.0","2,236","--","--","Nej","00:00:30.7","3","00:13:11","00:13:49","7","46"
Löpning,2025-07-05 16:30:23,false,"Göteborg Löpning","2.21","152","00:13:42","177","189","155","244","6:12","1:10","39","24","1.03","0.0","2,236","--","--","Nej","00:02:11.3","3","00:13:41","00:13:42","1","20"
Löpning,2025-06-29 13:37:52,false,"Västerås Löpning","4.29","289","00:24:18","185","193","170","179","5:40","4:30","43","38","1.04","0.0","4,136","--","--","Nej","00:01:40.3","5","00:24:13","00:24:20","16","48"
Löpning,2025-06-21 17:26:06,false,"Kungsbacka Löpning","5.47","372","00:35:02","168","185","163","173","6:24","5:20","26","28","0.96","0.0","5,720","--","--","Nej","00:02:56.1","6","00:35:00","00:35:02","-6","8"
Löpning,2025-06-13 16:17:13,false,"Västerås Löpning","5.11","331","00:30:39","170","196","166","175","5:59","3:56","24","20","1.01","0.0","5,088","--","--","Nej","00:00:27.0","6","00:30:36","00:31:44","30","51"
Löpning,2025-06-08 10:53:43,false,"Göteborg Löpning","5.64","353","00:34:44","163","184","167","199","6:10","2:46","32","24","0.97","0.0","5,858","--","--","Nej","00:03:54.2","6","00:34:34","00:37:04","129","153"
Gång,2025-06-06 09:36:25,false,"Göteborg Gång","10.34","691","01:01:01","181","193","171","183","5:54","4:24","111","151","0.99","0.0","10,452","--","--","Nej","00:01:35.4","11","01:00:16","01:01:01","8","69"
Löpning,2025-06-02 07:21:55,false,"Göteborg Löpning","5.53","362","00:32:24","176","189","171","179","5:51","4:55","58","59","1.00","0.0","5,544","--","--","Nej","00:03:03.4","6","00:32:11","00:32:45","9","68"
Löpning,2025-05-30 16:32:10,false,"Partille Löpning","3.79","260","00:24:57","168","192","163","243","6:35","2:53","59","71","0.93","0.0","4,106","--","--","Nej","00:04:37.6","4","00:24:55","00:24:57","96","129"
Löpning,2025-05-27 06:02:55,false,"Göteborg Löpning","5.48","348","00:31:43","174","185","172","183","5:47","4:25","60","47","1.00","0.0","5,454","--","--","Nej","00:02:09.8","6","00:31:41","00:31:59","6","67"
Löpning,2025-05-24 17:04:12,false,"Göteborg Löpning","14.62","972","01:33:27","176","195","172","244","6:24","3:02","244","236","0.91","0.0","15,994","--","--","Nej","00:03:46.7","15","01:33:24","01:34:17","4","105"
Löpning,2025-05-19 06:33:56,false,"Göteborg Löpning","5.57","337","00:30:22","177","186","174","181","5:27","4:15","62","51","1.05","0.0","5,276","--","--","Nej","00:02:40.5","6","00:30:18","00:30:41","6","69"
Löpning,2025-05-17 08:38:10,false,"Göteborg Löpning","11.15","746","01:06:14","182","190","172","202","5:56","4:00","132","177","0.98","0.0","11,470","--","--","Nej","00:00:03.4","13","01:06:01","01:07:14","-1","97"
Löpning,2025-05-15 07:28:33,false,"Göteborg Löpning","7.16","474","00:42:11","180","193","173","192","5:54","3:53","166","142","0.98","0.0","7,268","--","--","Nej","00:00:41.1","8","00:42:08","00:42:11","10","100"
Löpning,2025-05-10 09:40:49,false,"Göteborg Löpning","5.52","341","00:28:56","186","196","174","183","5:14","4:06","58","58","1.10","0.0","5,020","--","--","Nej","00:02:38.9","6","00:28:54","00:28:56","9","67"
Löpning,2025-05-05 19:51:46,false,"Göteborg Löpning","10.37","650","00:59:48","174","186","169","231","5:46","4:23","77","82","1.02","0.0","10,122","--","--","Nej","00:01:39.9","11","00:59:30","01:00:46","1","66"
Löpning,2025-04-29 20:12:13,false,"Göteborg Löpning","5.45","351","00:30:00","182","193","172","179","5:30","4:18","62","50","1.06","0.0","5,146","--","--","Nej","00:03:15.2","6","00:29:56","00:30:47","6","66"
Löpning,2025-04-22 13:46:54,false,"Göteborg Löpning","10.25","715","00:58:20","187","196","172","183","5:42","4:02","75","78","1.02","0.0","9,986","--","--","Nej","00:01:14.8","11","00:58:03","00:59:01","-4","60"
Löpning,2025-04-13 08:56:58,false,"Göteborg Löpning","7.56","544","00:46:15","182","193","172","195","6:07","4:19","140","130","0.95","0.0","7,950","--","--","Nej","00:02:57.6","8","00:46:13","00:47:06","10","101"
Löpning,2025-03-17 16:52:33,false,"Göteborg Löpning","5.50","345","00:28:43","181","194","172","183","5:13","4:18","69","62","1.11","0.0","4,938","--","--","Nej","00:02:31.2","6","00:28:30","00:30:03","-8","59"
Löpning,2025-03-02 11:29:04,false,"Göteborg Löpning","23.86","1,580","02:28:27","177","191","171","195","6:13","3:08","274","241","0.94","0.0","25,318","--","--","Nej","00:04:55.2","24","02:27:52","02:31:19","2","76"
Löpning,2025-02-26 11:20:40,false,"Göteborg Löpning","5.97","349","00:28:17","186","195","175","191","4:44","3:02","62","51","1.21","0.0","4,916","--","--","Nej","00:03:46.4","6","00:28:11","00:28:19","5","69"
Löpning,2025-02-22 08:51:16,false,"Göteborg Löpning","9.14","586","00:51:21","177","197","172","181","5:37","3:44","68","58","1.03","0.0","8,800","--","--","Nej","00:00:35.0","10","00:50:55","00:54:06","-8","51"
Löpning,2025-02-21 05:53:23,false,"Göteborg Löpning","5.75","362","00:31:56","175","187","174","246","5:33","4:25","82","54","1.04","0.0","5,514","--","--","Nej","00:03:58.3","6","00:31:55","00:31:56","6","75"
Löpning,2025-02-16 13:18:37,false,"Göteborg Löpning","13.89","942","01:26:58","175","191","171","209","6:16","4:23","187","173","0.93","0.0","14,828","--","--","Nej","00:04:51.3","14","01:26:51","01:27:11","5","125"
Löpning,2025-02-11 06:39:22,false,"Göteborg Löpning","5.62","357","00:29:38","185","194","174","216","5:16","4:28","65","51","1.09","0.0","5,134","--","--","Nej","00:03:01.3","6","00:29:34","00:29:43","6","74"
Löpning,2025-02-06 05:44:18,false,"Göteborg Löpning","5.69","342","00:30:36","175","185","174","179","5:22","4:09","60","58","1.07","0.0","5,292","--","--","Nej","00:00:04.8","7","00:30:34","00:30:36","5","65"
Löpning,2025-02-02 10:31:57,false,"Göteborg - Stegringslopp, intervaller","5.65","348","00:32:38","176","198","153","243","5:47","3:00","61","50","1.23","0.0","5,030","--","--","Nej","00:00:04.3","26","00:30:13","00:32:38","-7","38"
Löpning,2025-01-30 07:08:00,false,"Göteborg Löpning","5.58","356","00:31:54","176","187","172","181","5:43","4:33","60","45","1.02","0.0","5,482","--","--","Nej","00:00:03.7","8","00:31:46","00:32:25","--","64"
Löpband,2025-01-25 12:13:04,false,"Stegringslopp, intervaller","3.32","229","00:19:14","184","195","171","179","5:48","3:30","--","--","1.01","0.0","3,286","--","--","Nej","00:03:27.4","4","00:19:07","00:19:14","--","--"
Löpning,2025-01-23 10:18:58,false,"Göteborg - Lätt löppass","5.15","346","00:30:00","181","193","167","178","5:50","4:27","60","26","1.03","0.0","5,040","--","--","Nej","00:03:39.9","6","00:29:09","00:30:00","5","64"
Löpning,2025-01-19 11:09:47,false,"Göteborg - Lätt löppass","10.66","695","00:59:59","183","196","166","219","5:38","3:48","79","73","1.08","0.0","9,988","--","--","Nej","00:00:05.9","14","00:58:15","01:00:48","-7","59"
Löpning,2025-01-14 20:14:00,false,"Göteborg Löpning","5.32","323","00:28:28","180","193","173","181","5:21","4:10","204","61","1.08","0.0","4,924","--","--","Nej","00:00:08.3","7","00:28:14","00:28:40","128","184"
Löpning,2025-01-08 12:26:18,false,"Göteborg - Lätt löppass","5.77","349","00:31:25","180","191","172","209","5:27","3:57","64","69","1.07","0.0","5,404","--","--","Nej","00:01:06.5","7","00:31:06","00:31:25","-36","26"
Styrketräning,2025-01-06 15:10:01,false,"Styrka","0.00","121","00:20:31","125","149","--","--","--","--","--","--","--","0.0","156","78","7","Nej","00:20:31","1","00:06:39.0","00:20:36","--","--"
Styrketräning,2025-01-06 15:08:48,false,"Styrka","0.00","5","00:00:59.7","123","128","--","--","--","--","--","--","--","0.0","--","--","1","Nej","00:00:59.7","1","00:00:09.9","00:00:59.7","--","--"
Löpning,2025-01-02 11:14:18,false,"Västerås Löpning","5.49","351","00:29:54","186","196","177","185","5:27","4:15","36","34","1.03","0.0","5,264","--","--","Nej","00:02:51.9","6","00:29:53","00:29:59","30","56"
Löpning,2024-12-30 16:12:06,false,"Västerås Löpning","5.53","331","00:27:51","187","198","172","181","5:02","4:03","38","35","1.15","0.0","4,768","--","--","Nej","00:02:33.5","6","00:27:49","00:28:06","32","56"
Löpning,2024-12-29 09:37:49,false,"Västerås Löpning","10.54","697","00:59:50","186","197","175","191","5:40","3:53","105","96","1.01","0.0","10,410","--","--","Nej","00:02:48.6","11","00:59:44","01:00:50","26","48"
Löpning,2024-12-28 20:46:11,false,"Västerås Löpning","1.36","76","00:06:48.7","177","194","172","225","4:59","3:56","11","2","1.17","0.0","1,158","--","--","Nej","00:01:48.1","2","00:06:39","00:07:24.7","32","42"
Löpning,2024-12-27 16:37:57,false,"Västerås - Lätt löppass","5.48","336","00:30:00","181","193","172","179","5:28","4:21","35","24","1.06","0.0","5,152","--","--","Nej","00:04:09.2","6","00:29:48","00:30:00","31","59"
Gång,2024-12-26 17:01:05,false,"Västerås Gång","6.90","384","01:09:37","125","159","121","249","10:06","6:00","38","32","0.82","0.0","8,536","--","--","Nej","00:08:51.7","7","01:09:22","01:09:37","27","47"
Löpning,2024-12-25 15:08:02,false,"Västerås Löpning","6.80","441","00:39:06","181","196","175","216","5:45","2:24","59","55","1.00","0.0","6,800","--","--","Nej","00:04:38.2","7","00:39:01","00:42:33","20","52"
Löpning,2024-12-25 14:48:03,false,"Västerås - Riktmärkeslopp","1.78","106","00:09:00","187","198","170","183","5:04","3:23","6","2","1.16","0.0","1,530","--","--","Nej","00:00:27.1","4","00:08:52.9","00:09:00","30","37"
Gång,2024-12-25 14:34:38,false,"Västerås Gång","1.31","90","00:10:26","150","188","103","244","7:56","1:31","10","2","1.23","0.0","1,388","--","--","Nej","00:00:03.2","3","00:08:43","00:10:26","32","43"
